City_ID,City,Lat,Lng,Max Temp,Humidity,Cloudiness,Wind Speed,Country,Date
0,Nikolskoye,59.7035,30.7861,34.39,97,100,11.12,RU,2021-12-19 04:22:30
1,Bambous Virieux,-20.3428,57.7575,82.22,69,20,3.44,MU,2021-12-19 04:22:30
2,Bluff,-46.6,168.3333,70.81,63,51,15.97,NZ,2021-12-19 04:22:31
3,Geneva,41.8875,-88.3054,32.34,70,90,1.99,US,2021-12-19 04:22:31
4,Kavieng,-2.5744,150.7967,82.35,78,100,13.09,PG,2021-12-19 04:22:31
5,Tiznit,29.5833,-9.5,59.36,46,28,14.09,MA,2021-12-19 04:22:32
6,Fairbanks,64.8378,-147.7164,13.1,84,90,3.44,US,2021-12-19 04:22:32
7,Ushuaia,-54.8,-68.3,49.66,76,75,29.93,AR,2021-12-19 04:22:32
8,Pervoavgustovskiy,52.2264,35.0552,29.01,95,100,20.69,RU,2021-12-19 04:22:33
9,Chicama,-7.8447,-79.1469,61.34,85,87,5.64,PE,2021-12-19 04:22:33
10,Bonthe,7.5264,-12.505,78.31,85,17,4.18,SL,2021-12-19 04:22:33
11,Brokopondo,4.75,-55.1667,75.79,90,39,5.95,SR,2021-12-19 04:22:33
12,Andenes,69.3143,16.1194,39.18,87,20,21.85,NO,2021-12-19 04:22:34
13,Korla,41.7597,86.1469,24.94,52,21,4.23,CN,2021-12-19 04:22:34
14,Kapaa,22.0752,-159.319,78.78,78,40,3.0,US,2021-12-19 04:19:46
15,Nanortalik,60.1432,-45.2371,34.29,94,100,17.2,GL,2021-12-19 04:22:35
16,Barrow,71.2906,-156.7887,-3.98,77,90,9.22,US,2021-12-19 04:22:35
17,Erzin,36.9559,36.2,48.92,85,100,7.34,TR,2021-12-19 04:22:36
18,Upernavik,72.7868,-56.1549,22.91,73,100,3.44,GL,2021-12-19 04:22:36
19,Tasiilaq,65.6145,-37.6368,33.96,95,100,17.4,GL,2021-12-19 04:22:36
20,Lagoa,39.05,-27.9833,60.55,82,99,25.43,PT,2021-12-19 04:22:37
21,Fagundes,-7.355,-35.775,73.8,88,75,9.22,BR,2021-12-19 04:22:37
22,Lasa,46.6166,10.7002,36.48,69,1,6.44,IT,2021-12-19 04:22:37
23,Khatanga,71.9667,102.5,-18.6,95,100,5.46,RU,2021-12-19 04:22:38
24,Nemuro,43.3236,145.575,25.23,42,10,6.76,JP,2021-12-19 04:18:21
25,Severo-Kurilsk,50.6789,156.125,29.17,71,100,4.0,RU,2021-12-19 04:22:38
26,Chokurdakh,70.6333,147.9167,-40.32,100,80,2.3,RU,2021-12-19 04:22:38
27,Balsas,-7.5325,-46.0356,76.08,84,100,2.75,BR,2021-12-19 04:22:39
28,Khani,41.9563,42.9566,35.17,98,100,2.98,GE,2021-12-19 04:22:39
29,Elmadag,39.9208,33.2308,32.34,97,100,9.69,TR,2021-12-19 04:22:40
30,Hutchinson,38.0608,-97.9298,21.31,62,1,0.0,US,2021-12-19 04:22:09
31,Hambantota,6.1241,81.1185,81.79,72,95,15.64,LK,2021-12-19 04:22:40
32,Hobart,-42.8794,147.3294,63.27,61,75,5.99,AU,2021-12-19 04:20:18
33,Hofn,64.2539,-15.2082,39.56,87,100,9.26,IS,2021-12-19 04:22:40
34,Aqtobe,50.2797,57.2072,30.29,93,90,8.95,KZ,2021-12-19 04:22:41
35,Urengoy,65.9667,78.3667,-43.53,100,55,4.25,RU,2021-12-19 04:22:41
36,Atuona,-9.8,-139.0333,78.13,75,36,13.33,PF,2021-12-19 04:22:42
37,Yenagoa,4.9247,6.2642,73.31,81,57,1.54,NG,2021-12-19 04:22:42
38,Yellowknife,62.456,-114.3525,-23.28,76,40,4.61,CA,2021-12-19 04:22:43
39,Hamilton,39.1834,-84.5333,37.63,86,75,4.0,US,2021-12-19 04:22:43
40,Catamarca,-28.4696,-65.7852,79.05,44,21,13.71,AR,2021-12-19 04:22:43
41,Mataura,-46.1927,168.8643,70.48,45,90,13.02,NZ,2021-12-19 04:22:44
42,Nador,35.174,-2.9287,59.25,82,75,11.5,MA,2021-12-19 04:22:44
43,Vaini,-21.2,-175.2,86.16,84,20,11.5,TO,2021-12-19 04:22:45
44,Barahona,18.2085,-71.1008,74.35,82,56,4.72,DO,2021-12-19 04:22:45
45,Kodiak,57.79,-152.4072,30.74,80,69,10.31,US,2021-12-19 04:22:45
46,Ponta Do Sol,32.6667,-17.1,68.0,85,88,16.75,PT,2021-12-19 04:22:46
47,Katsuura,35.1333,140.3,46.51,53,7,18.21,JP,2021-12-19 04:22:46
48,Rikitea,-23.1203,-134.9692,77.0,76,100,12.39,PF,2021-12-19 04:22:46
49,Dingle,10.9995,122.6711,86.0,72,97,9.24,PH,2021-12-19 04:22:47
50,Kanigoro,-8.13,112.219,88.86,61,95,1.32,ID,2021-12-19 04:22:47
51,Skelleftea,64.7507,20.9528,34.16,60,40,1.99,SE,2021-12-19 04:22:47
52,Pangnirtung,66.1451,-65.7125,26.38,72,100,14.45,CA,2021-12-19 04:22:48
53,Kahului,20.8947,-156.47,75.22,81,40,13.8,US,2021-12-19 04:22:48
54,Honiara,-9.4333,159.95,80.56,87,99,0.85,SB,2021-12-19 04:22:48
55,Goure,13.9835,10.2704,60.03,31,51,11.63,NE,2021-12-19 04:22:49
56,Punta Arenas,-53.15,-70.9167,51.91,66,75,26.46,CL,2021-12-19 04:21:53
57,East London,-33.0153,27.9116,63.54,77,0,9.22,ZA,2021-12-19 04:22:49
58,Jumla,29.2747,82.1838,41.56,12,0,5.44,NP,2021-12-19 04:22:50
59,Quatre Cocos,-20.2078,57.7625,82.09,66,0,3.38,MU,2021-12-19 04:22:50
60,Hermanus,-34.4187,19.2345,63.9,88,17,5.39,ZA,2021-12-19 04:22:50
61,Acarau,-2.8856,-40.12,80.56,77,74,14.16,BR,2021-12-19 04:22:51
62,Victoria,22.2855,114.1577,66.04,42,99,3.0,HK,2021-12-19 04:22:51
63,Hinesville,31.8469,-81.5959,69.69,94,40,0.0,US,2021-12-19 04:22:51
64,Torbay,47.6666,-52.7314,26.38,75,75,27.63,CA,2021-12-19 04:22:52
65,Eureka,40.8021,-124.1637,47.93,91,100,6.8,US,2021-12-19 04:21:13
66,Sa Kaeo,13.75,102.3333,77.85,51,95,15.93,TH,2021-12-19 04:22:52
67,Yerbogachen,61.2767,108.0108,-40.45,97,59,3.91,RU,2021-12-19 04:22:53
68,Busselton,-33.65,115.3333,79.05,48,0,10.96,AU,2021-12-19 04:22:53
69,Kailua,21.4022,-157.7394,78.78,76,75,16.11,US,2021-12-19 04:22:53
70,Lira,2.235,32.9097,69.3,76,97,3.02,UG,2021-12-19 04:22:53
71,Makakilo City,21.3469,-158.0858,77.32,70,1,9.22,US,2021-12-19 04:22:54
72,Shingu,33.7333,135.9833,49.19,57,46,14.45,JP,2021-12-19 04:22:54
73,New Norfolk,-42.7826,147.0587,62.92,54,100,4.0,AU,2021-12-19 04:22:54
74,San Quintin,30.4833,-115.95,56.64,62,0,4.43,MX,2021-12-19 04:22:55
75,Jamestown,42.097,-79.2353,34.09,95,90,5.99,US,2021-12-19 04:20:36
76,Bernalda,40.4128,16.692,43.75,70,15,11.14,IT,2021-12-19 04:22:55
77,Hovd,48.0056,91.6419,20.28,48,23,6.78,MN,2021-12-19 04:22:56
78,Cabo San Lucas,22.8909,-109.9124,69.15,76,5,2.8,MX,2021-12-19 04:22:22
79,Taonan,45.3333,122.7833,17.91,74,3,11.23,CN,2021-12-19 04:22:56
80,Birao,10.2849,22.7882,66.51,28,3,9.4,CF,2021-12-19 04:22:56
81,Alofi,-19.0595,-169.9187,84.09,70,24,17.27,NU,2021-12-19 04:22:57
82,Port Alfred,-33.5906,26.891,65.05,77,77,19.77,ZA,2021-12-19 04:22:57
83,Kirovskiy,45.0917,133.5136,12.0,73,11,5.37,RU,2021-12-19 04:21:08
84,Iranshahr,27.2025,60.6848,57.54,51,0,4.61,IR,2021-12-19 04:22:57
85,Albany,42.6001,-73.9662,38.68,93,100,0.76,US,2021-12-19 04:20:38
86,Cascais,38.6979,-9.4215,52.5,65,96,1.01,PT,2021-12-19 04:22:58
87,Lloydminster,53.2835,-110.0016,-4.32,84,75,6.91,CA,2021-12-19 04:22:58
88,Vanimo,-2.6741,141.3028,87.04,67,29,9.66,PG,2021-12-19 04:22:59
89,Ancud,-41.8697,-73.8203,53.42,95,3,3.0,CL,2021-12-19 04:22:59
90,Bilibino,68.0546,166.4372,-10.14,89,100,4.07,RU,2021-12-19 04:22:59
91,Puerto Ayora,-0.7393,-90.3518,69.55,96,84,6.31,EC,2021-12-19 04:23:00
92,Hobyo,5.3505,48.5268,78.89,81,61,19.19,SO,2021-12-19 04:23:00
93,Lorengau,-2.0226,147.2712,83.44,77,100,10.74,PG,2021-12-19 04:23:00
94,Opuwo,-18.0607,13.84,65.93,37,100,3.13,NA,2021-12-19 04:23:01
95,Abalak,58.1286,68.5944,11.68,94,100,10.38,RU,2021-12-19 04:23:01
96,Vila Velha,-20.3297,-40.2925,73.35,92,90,3.0,BR,2021-12-19 04:23:01
97,Maldonado,-34.6667,-54.9167,63.79,92,0,8.68,UY,2021-12-19 04:23:02
98,Butaritari,3.0707,172.7902,82.31,80,62,16.13,KI,2021-12-19 04:23:02
99,Port Blair,11.6667,92.75,83.23,68,86,13.2,IN,2021-12-19 04:23:03
100,Kruisfontein,-34.0033,24.7314,59.52,85,94,4.76,ZA,2021-12-19 04:23:03
101,Carnarvon,-24.8667,113.6333,78.87,61,0,21.85,AU,2021-12-19 04:23:03
102,Chuy,-33.6971,-53.4616,62.65,83,0,8.63,UY,2021-12-19 04:23:03
103,Mizdah,31.4451,12.9801,46.2,87,58,9.48,LY,2021-12-19 04:23:04
104,Cherskiy,68.75,161.3,-22.25,96,100,0.67,RU,2021-12-19 04:23:04
105,Praia Da Vitoria,38.7333,-27.0667,59.25,94,40,15.3,PT,2021-12-19 04:23:04
106,Constitucion,-35.3333,-72.4167,57.96,73,0,8.99,CL,2021-12-19 04:23:05
107,Deputatskiy,69.3,139.9,-26.66,99,100,2.08,RU,2021-12-19 04:23:05
108,San Andres,12.5847,-81.7006,82.42,78,40,13.8,CO,2021-12-19 04:23:06
109,Saldanha,-33.0117,17.9442,59.05,95,33,7.23,ZA,2021-12-19 04:23:06
110,Bengkulu,-3.8004,102.2655,82.87,66,100,10.2,ID,2021-12-19 04:23:06
111,Ribeira Grande,38.5167,-28.7,60.8,76,100,30.2,PT,2021-12-19 04:23:07
112,Songjianghe,42.1859,127.479,15.57,57,100,10.07,CN,2021-12-19 04:23:07
113,Hay River,60.8156,-115.7999,-13.02,77,75,9.22,CA,2021-12-19 04:23:07
114,Banda Aceh,5.5577,95.3222,75.78,89,100,8.55,ID,2021-12-19 04:23:08
115,Payakumbuh,-0.2202,100.6308,72.63,94,100,2.62,ID,2021-12-19 04:23:08
116,Talnakh,69.4865,88.3972,-28.03,90,90,0.36,RU,2021-12-19 04:23:08
117,Cape Town,-33.9258,18.4232,64.11,94,0,2.3,ZA,2021-12-19 04:20:02
118,Mnogovershinnyy,53.9353,139.9242,-10.25,81,20,6.44,RU,2021-12-19 04:23:09
119,Kaitangata,-46.2817,169.8464,76.64,43,56,11.99,NZ,2021-12-19 04:23:09
120,Mar Del Plata,-38.0023,-57.5575,66.87,91,100,17.0,AR,2021-12-19 04:23:09
121,General Roca,-39.0333,-67.5833,73.8,19,0,6.4,AR,2021-12-19 04:23:10
122,Papagaios,-19.4492,-44.7478,67.19,95,99,10.36,BR,2021-12-19 04:23:10
123,Narsaq,60.9167,-46.05,44.82,94,100,5.46,GL,2021-12-19 04:23:10
124,Evensk,61.95,159.2333,-11.49,79,100,7.99,RU,2021-12-19 04:23:11
125,Lima,-12.0432,-77.0282,66.9,78,20,13.8,PE,2021-12-19 04:23:11
126,Leopold,-38.1833,144.4667,63.46,77,90,14.0,AU,2021-12-19 04:23:11
127,Dikson,73.5069,80.5464,-25.92,95,69,5.55,RU,2021-12-19 04:23:12
128,Bredasdorp,-34.5322,20.0403,62.28,88,99,1.14,ZA,2021-12-19 04:23:12
129,Khandyga,62.6667,135.6,-40.86,98,95,0.92,RU,2021-12-19 04:23:12
130,Houma,29.5958,-90.7195,64.4,93,100,8.01,US,2021-12-19 04:23:13
131,Cayenne,4.9333,-52.3333,81.09,86,40,5.99,GF,2021-12-19 04:23:13
132,San Policarpo,12.1791,125.5072,81.95,85,94,10.11,PH,2021-12-19 04:23:13
133,Baruun-Urt,46.6806,113.2792,13.05,77,17,10.94,MN,2021-12-19 04:23:14
134,Buchanan,5.8808,-10.0467,78.06,88,16,3.62,LR,2021-12-19 04:23:14
135,Natal,-5.795,-35.2094,80.82,78,40,9.22,BR,2021-12-19 04:23:14
136,Lata,40.1629,-8.3327,51.82,77,11,6.15,PT,2021-12-19 04:23:15
137,Lebu,-37.6167,-73.65,55.71,93,9,17.13,CL,2021-12-19 04:23:15
138,Beringovskiy,63.05,179.3167,33.04,99,100,13.04,RU,2021-12-19 04:23:15
139,Sitka,57.0531,-135.33,28.29,86,1,5.75,US,2021-12-19 04:23:16
140,Bethel,41.3712,-73.414,44.51,91,90,4.61,US,2021-12-19 04:18:48
141,Rio Gallegos,-51.6226,-69.2181,59.05,55,0,11.5,AR,2021-12-19 04:21:35
142,Longyearbyen,78.2186,15.6401,22.84,80,0,2.3,SJ,2021-12-19 04:23:16
143,Pevek,69.7008,170.3133,-14.96,92,100,2.37,RU,2021-12-19 04:23:17
144,Isangel,-19.55,169.2667,84.31,74,75,4.61,VU,2021-12-19 04:23:17
145,Richards Bay,-28.783,32.0377,63.09,79,57,5.23,ZA,2021-12-19 04:23:17
146,Batemans Bay,-35.7167,150.1833,79.92,65,100,15.99,AU,2021-12-19 04:23:18
147,Hirara,24.8,125.2833,68.27,45,20,12.66,JP,2021-12-19 04:23:18
148,Chernyshevskiy,63.0128,112.4714,-36.04,98,96,3.56,RU,2021-12-19 04:23:18
149,Pekin,39.9075,116.3972,39.09,27,0,0.89,CN,2021-12-19 04:18:54
150,Rundu,-17.9333,19.7667,67.06,86,100,8.61,NA,2021-12-19 04:23:19
151,Manta,-0.95,-80.7333,73.18,88,90,3.44,EC,2021-12-19 04:23:19
152,Tornio,65.8481,24.1466,19.42,94,49,4.72,FI,2021-12-19 04:23:19
153,Hilo,19.7297,-155.09,73.27,43,90,5.75,US,2021-12-19 04:18:47
154,Caravelas,-17.7125,-39.2481,74.17,95,100,5.03,BR,2021-12-19 04:23:20
155,Bathsheba,13.2167,-59.5167,79.41,78,40,21.85,BB,2021-12-19 04:23:20
156,Roebourne,-20.7833,117.1333,103.69,18,4,9.95,AU,2021-12-19 04:23:21
157,Ust-Koksa,50.2696,85.6108,19.76,77,100,0.83,RU,2021-12-19 04:23:21
158,Gualeguay,-33.1416,-59.3097,66.65,58,0,8.03,AR,2021-12-19 04:23:21
159,Chirongui,-12.9319,45.1483,80.53,75,11,2.51,YT,2021-12-19 04:23:22
160,Salihli,38.4826,28.1477,43.5,96,100,1.01,TR,2021-12-19 04:23:22
161,Saint-Philippe,-21.3585,55.7679,83.79,72,43,3.09,RE,2021-12-19 04:23:22
162,Stillwater,36.1156,-97.0584,30.94,69,1,6.91,US,2021-12-19 04:20:00
163,Jerantut,3.936,102.3626,71.46,98,100,1.72,MY,2021-12-19 04:23:23
164,Avarua,-21.2078,-159.775,80.65,69,40,8.05,CK,2021-12-19 04:21:01
165,Aguimes,27.9054,-15.4461,61.66,72,20,3.44,ES,2021-12-19 04:23:23
166,Kawalu,-7.3817,108.2082,86.68,61,94,3.6,ID,2021-12-19 04:23:23
167,Zhezkazgan,47.8043,67.7144,21.18,93,75,6.71,KZ,2021-12-19 04:23:24
168,Sinop,41.7711,34.8709,31.6,95,99,2.93,TR,2021-12-19 04:23:24
169,Saskylakh,71.9167,114.0833,-15.97,98,98,5.28,RU,2021-12-19 04:23:25
170,Palana,59.1167,159.9667,5.16,86,100,1.48,RU,2021-12-19 04:23:25
171,Juegang,32.3174,121.1855,48.43,26,21,7.05,CN,2021-12-19 04:23:25
172,Asau,46.4333,26.4,35.4,89,89,6.78,RO,2021-12-19 04:23:26
173,Kozan,37.4552,35.8157,47.3,94,100,7.49,TR,2021-12-19 04:23:26
174,Akcakoca,41.0866,31.1162,42.35,82,100,10.51,TR,2021-12-19 04:23:26
175,Mayo,38.8876,-76.5119,63.34,94,90,1.01,US,2021-12-19 04:23:27
176,Pisco,-13.7,-76.2167,66.25,82,0,5.75,PE,2021-12-19 04:20:38
177,Hithadhoo,-0.6,73.0833,82.13,72,98,1.57,MV,2021-12-19 04:23:27
178,Noumea,-22.2763,166.4572,84.18,99,59,17.98,NC,2021-12-19 04:23:27
179,Ouango,4.3133,22.5552,69.4,88,100,1.19,CF,2021-12-19 04:23:28
180,Tiruchchendur,8.4833,78.1167,86.29,70,88,17.2,IN,2021-12-19 04:23:28
181,Pitimbu,-7.4706,-34.8086,79.39,76,23,9.37,BR,2021-12-19 04:23:28
182,Mont-De-Marsan,44.0,-0.6667,44.44,97,90,0.0,FR,2021-12-19 04:23:29
183,Tefe,-3.3542,-64.7114,74.86,98,100,1.05,BR,2021-12-19 04:23:29
184,Riyadh,24.6877,46.7219,60.94,40,95,8.16,SA,2021-12-19 04:23:29
185,Kaduna,10.5222,7.4383,61.79,25,29,11.16,NG,2021-12-19 04:23:30
186,Qaqortoq,60.7167,-46.0333,45.1,93,100,9.82,GL,2021-12-19 04:23:30
187,Soyo,-6.1349,12.3689,76.77,92,100,6.96,AO,2021-12-19 04:23:31
188,Berbera,10.4396,45.0143,74.62,75,59,4.61,SO,2021-12-19 04:23:31
189,Margate,51.3813,1.3862,44.31,93,100,1.99,GB,2021-12-19 04:23:31
190,Buala,-8.145,159.5921,81.95,81,99,6.55,SB,2021-12-19 04:23:32
191,Dubuque,42.4833,-90.8668,27.63,72,75,8.05,US,2021-12-19 04:23:32
192,San Cristobal,7.7669,-72.225,68.18,93,100,1.07,VE,2021-12-19 04:23:33
193,Saharsa,25.8833,86.6,61.09,33,0,11.9,IN,2021-12-19 04:23:33
194,Batagay,67.6333,134.6333,-29.78,98,100,0.85,RU,2021-12-19 04:23:34
195,Cidreira,-30.1811,-50.2056,70.3,73,89,19.01,BR,2021-12-19 04:23:34
196,Inirida,3.8653,-67.9239,73.76,97,92,1.05,CO,2021-12-19 04:23:34
197,Antananarivo,-18.9137,47.5361,69.76,78,20,4.61,MG,2021-12-19 04:23:35
198,Ipixuna,-1.7625,-48.8043,74.73,95,100,2.73,BR,2021-12-19 04:23:35
199,Smolenka,52.1352,113.4974,23.07,54,96,11.18,RU,2021-12-19 04:23:35
200,Worthing,50.8145,-0.3713,46.94,91,100,1.99,GB,2021-12-19 04:23:36
201,Prince Rupert,54.3161,-130.3201,35.29,85,1,5.75,CA,2021-12-19 04:23:36
202,Kentau,43.5206,68.5094,41.14,26,100,3.09,KZ,2021-12-19 04:23:36
203,Port Elizabeth,-33.918,25.5701,62.89,82,0,12.66,ZA,2021-12-19 04:23:37
204,Saint George,37.1041,-113.5841,36.79,66,1,1.99,US,2021-12-19 04:23:37
205,Kokopo,-4.352,152.2633,77.22,90,100,1.05,PG,2021-12-19 04:23:38
206,Lavrentiya,65.5833,-171.0,-0.42,96,100,10.67,RU,2021-12-19 04:23:38
207,Gushikawa,26.3544,127.8686,66.2,51,75,10.36,JP,2021-12-19 04:23:38
208,Rawson,-43.3002,-65.1023,62.29,82,0,0.4,AR,2021-12-19 04:23:39
209,Provideniya,64.3833,-173.3,3.29,97,100,19.37,RU,2021-12-19 04:23:39
210,Loa Janan,-0.583,117.095,82.38,88,100,0.38,ID,2021-12-19 04:23:40
211,Broken Hill,-31.95,141.4333,85.71,30,80,14.97,AU,2021-12-19 04:23:40
212,Bindura,-17.3019,31.3306,62.29,90,100,1.97,ZW,2021-12-19 04:23:40
213,Mildura,-34.2,142.15,86.07,21,20,17.27,AU,2021-12-19 04:19:20
214,Valkeala,60.9401,26.7979,34.2,86,90,13.8,FI,2021-12-19 04:23:41
215,Port Hardy,50.6996,-127.4199,41.0,100,75,2.3,CA,2021-12-19 04:23:41
216,Russell,32.3502,-85.1999,63.55,94,90,0.0,US,2021-12-19 04:23:41
217,Fuente De Oro,3.4594,-73.6128,77.14,66,100,2.51,CO,2021-12-19 04:23:42
218,Qaanaaq,77.484,-69.3632,9.3,74,100,8.55,GL,2021-12-19 04:23:42
219,Dachau,48.26,11.434,32.45,96,45,5.41,DE,2021-12-19 04:23:42
220,Cabedelo,-6.9811,-34.8339,79.47,75,30,10.56,BR,2021-12-19 04:23:43
221,Byron Bay,-28.65,153.6167,89.71,58,3,15.82,AU,2021-12-19 04:23:43
222,Airai,-8.9266,125.4092,76.33,57,95,1.01,TL,2021-12-19 04:23:43
223,Biak,-0.9131,122.8766,85.3,64,86,1.07,ID,2021-12-19 04:23:44
224,Fortuna,40.5982,-124.1573,47.66,91,90,6.91,US,2021-12-19 04:23:44
225,Ilo,-17.6394,-71.3375,67.23,82,100,6.06,PE,2021-12-19 04:23:44
226,Grindavik,63.8424,-22.4338,46.87,100,90,18.41,IS,2021-12-19 04:23:45
227,Geraldton,-28.7667,114.6,81.01,47,0,17.27,AU,2021-12-19 04:23:45
228,Tazovskiy,67.4667,78.7,-41.26,99,70,5.77,RU,2021-12-19 04:23:45
229,Jimalalud,9.9797,123.1999,84.11,73,53,7.76,PH,2021-12-19 04:23:46
230,Hammerfest,70.6634,23.6821,32.45,80,75,11.5,NO,2021-12-19 04:23:46
231,Maniwaki,46.3834,-75.966,21.74,93,100,5.75,CA,2021-12-19 04:23:46
232,Riverton,40.5219,-111.9391,28.8,78,1,3.0,US,2021-12-19 04:23:47
233,Sens,48.1667,3.3333,38.79,95,7,6.71,FR,2021-12-19 04:23:47
234,Farah,32.5,62.5,50.56,11,92,1.01,AF,2021-12-19 04:23:47
235,Lucapa,-8.4192,20.7447,63.54,98,100,1.01,AO,2021-12-19 04:23:48
236,Labuhan,-6.8844,112.2051,87.78,66,100,5.53,ID,2021-12-19 04:23:48
237,Broome,42.2506,-75.833,42.46,81,90,3.0,US,2021-12-19 04:19:44
238,Half Moon Bay,37.4636,-122.4286,47.98,87,1,0.0,US,2021-12-19 04:23:48
239,Esil,51.9556,66.4042,26.04,97,100,8.05,KZ,2021-12-19 04:23:49
240,Husavik,66.0449,-17.3389,35.51,87,100,11.39,IS,2021-12-19 04:23:49
241,Tuktoyaktuk,69.4541,-133.0374,-14.8,76,75,10.36,CA,2021-12-19 04:23:50
242,Deer Lake,49.1667,-57.4316,22.86,68,90,12.66,CA,2021-12-19 04:23:50
243,Buraydah,26.326,43.975,55.85,72,15,7.81,SA,2021-12-19 04:23:50
244,Leeton,-34.5667,146.4,71.65,68,100,32.21,AU,2021-12-19 04:23:51
245,Vilyuysk,63.7553,121.6247,-45.02,100,93,0.85,RU,2021-12-19 04:23:51
246,Kjollefjord,70.9457,27.3465,28.4,80,96,19.91,NO,2021-12-19 04:23:51
247,Port Keats,-14.25,129.55,90.43,62,87,12.77,AU,2021-12-19 04:23:52
248,Georgetown,5.4112,100.3354,78.75,88,40,2.3,MY,2021-12-19 04:23:52
249,Coruripe,-10.1256,-36.1756,77.02,84,21,9.1,BR,2021-12-19 04:23:52
250,Haradok,55.4624,29.9816,36.93,96,100,17.87,BY,2021-12-19 04:23:53
251,Arraial Do Cabo,-22.9661,-42.0278,73.4,75,15,8.23,BR,2021-12-19 04:23:53
252,Bedford,52.1346,-0.4663,41.95,85,100,3.91,GB,2021-12-19 04:23:53
253,Guerrero Negro,27.9769,-114.0611,61.9,35,0,14.56,MX,2021-12-19 04:23:54
254,Xining,36.6167,101.7667,25.54,34,100,1.57,CN,2021-12-19 04:23:54
255,Magdagachi,53.45,125.8,-2.92,81,94,3.6,RU,2021-12-19 04:23:54
256,Vestmannaeyjar,63.4427,-20.2734,45.99,88,100,23.51,IS,2021-12-19 04:23:55
257,Saryozek,44.3583,77.9753,39.07,23,99,6.69,KZ,2021-12-19 04:23:55
258,Okhotsk,59.3833,143.3,-2.11,98,100,10.71,RU,2021-12-19 04:23:55
259,Cheney,47.4874,-117.5758,40.62,95,90,17.27,US,2021-12-19 04:23:56
260,Amurzet,47.6967,131.0981,1.53,83,97,5.79,RU,2021-12-19 04:23:56
261,Svetlyy,54.675,20.1347,42.85,87,99,19.06,RU,2021-12-19 04:23:56
262,Topeka,39.0483,-95.678,28.49,71,90,3.44,US,2021-12-19 04:22:42
263,Westport,41.1415,-73.3579,49.8,98,90,9.22,US,2021-12-19 04:23:57
264,Uyemskiy,64.4743,40.8524,3.25,91,75,11.18,RU,2021-12-19 04:23:57
265,Menomonie,44.8755,-91.9193,21.97,73,11,3.44,US,2021-12-19 04:23:57
266,Roald,62.5833,6.1333,41.16,81,90,14.97,NO,2021-12-19 04:23:58
267,Camargo,27.6667,-105.1667,53.2,79,14,9.42,MX,2021-12-19 04:23:58
268,Bayir,37.2687,28.2167,43.32,98,100,6.69,TR,2021-12-19 04:23:58
269,Ust-Tsilma,65.441,52.1498,-19.23,100,96,3.62,RU,2021-12-19 04:19:15
270,Ugoofaaru,5.6667,73.0,81.19,73,100,7.43,MV,2021-12-19 04:23:59
271,Qasigiannguit,68.8193,-51.1922,37.65,52,70,23.38,GL,2021-12-19 04:23:59
272,Grand Gaube,-20.0064,57.6608,82.38,66,0,4.0,MU,2021-12-19 04:24:00
273,Havelock,34.8791,-76.9013,66.97,91,1,5.01,US,2021-12-19 04:24:00
274,Energetik,51.7445,58.7934,17.31,96,92,5.75,RU,2021-12-19 04:24:00
275,Simpang,-1.2667,104.0833,81.14,80,100,1.72,ID,2021-12-19 04:24:01
276,Meridian,43.6121,-116.3915,32.85,87,1,4.61,US,2021-12-19 04:21:48
277,Nhulunbuy,-12.2333,136.7667,92.01,55,100,10.36,AU,2021-12-19 04:24:01
278,Omsukchan,62.5333,155.8,-28.12,97,100,5.03,RU,2021-12-19 04:24:02
279,Los Llanos De Aridane,28.6585,-17.9182,65.95,97,90,1.99,ES,2021-12-19 04:24:02
280,Tuensang,26.2833,94.8333,68.85,41,0,1.41,IN,2021-12-19 04:24:03
281,Touros,-5.1989,-35.4608,79.7,76,63,12.39,BR,2021-12-19 04:24:03
282,Sawakin,19.1059,37.3321,74.8,79,100,15.82,SD,2021-12-19 04:24:03
283,Padre Bernardo,-15.35,-48.5,69.98,95,99,1.48,BR,2021-12-19 04:24:04
284,Veraval,20.9,70.3667,70.29,42,2,12.95,IN,2021-12-19 04:24:04
285,Mwinilunga,-11.7358,24.4293,60.87,98,95,1.14,ZM,2021-12-19 04:24:05
286,Villeneuve-Sur-Lot,44.5,0.6667,41.88,90,0,5.35,FR,2021-12-19 04:24:05
287,Killybegs,54.6333,-8.45,42.46,91,11,5.48,IE,2021-12-19 04:24:05
288,Dombarovskiy,50.7587,59.5386,21.85,96,92,8.75,RU,2021-12-19 04:24:06
289,Wangjing,24.6,94.0333,53.58,56,1,0.38,IN,2021-12-19 04:24:06
290,Salvador,13.8333,-88.9167,70.2,86,26,0.72,SV,2021-12-19 04:24:06
291,Dali,25.7,100.1833,57.07,42,0,1.9,CN,2021-12-19 04:24:07
292,Whitehorse,60.7161,-135.0538,-12.23,77,90,2.3,CA,2021-12-19 04:24:07
293,Dunedin,-45.8742,170.5036,72.81,51,99,8.99,NZ,2021-12-19 04:24:07
294,Norman Wells,65.282,-126.8329,-2.16,78,90,4.61,CA,2021-12-19 04:24:08
295,Langsa,4.4683,97.9683,74.01,94,100,3.56,ID,2021-12-19 04:24:08
296,Nagato,34.3833,131.2,54.19,58,99,24.07,JP,2021-12-19 04:24:08
297,Sishui,35.6489,117.2758,44.65,32,0,9.35,CN,2021-12-19 04:24:09
298,Dolores,-36.3132,-57.6792,64.65,85,9,10.13,AR,2021-12-19 04:24:09
299,Sergeyevka,53.88,67.4158,24.49,93,100,7.99,KZ,2021-12-19 04:24:09
300,Carutapera,-1.195,-46.02,78.26,89,99,6.71,BR,2021-12-19 04:24:10
301,San Patricio,28.017,-97.5169,57.29,65,32,17.43,US,2021-12-19 04:24:10
302,Lukovetskiy,64.2956,41.9211,3.18,93,100,8.5,RU,2021-12-19 04:24:11
303,Kremenchuk,49.0973,33.4197,31.23,83,100,16.31,UA,2021-12-19 04:24:11
304,Komsomolskiy,40.4272,71.7189,36.32,51,93,4.61,UZ,2021-12-19 04:24:11
305,Vestmanna,62.1564,-7.1664,41.92,100,90,1.14,FO,2021-12-19 04:24:12
306,Kudahuvadhoo,2.6708,72.8944,81.81,78,100,13.62,MV,2021-12-19 04:24:12
307,Havoysund,70.9963,24.6622,32.88,81,91,25.1,NO,2021-12-19 04:24:12
308,Coahuayana,18.7333,-103.6833,71.76,87,65,4.47,MX,2021-12-19 04:24:13
309,Awjilah,29.1081,21.2869,53.4,81,94,8.05,LY,2021-12-19 04:24:13
310,Souillac,-20.5167,57.5167,82.36,69,20,3.44,MU,2021-12-19 04:24:13
311,Amot,59.5714,7.9877,27.36,86,58,6.62,NO,2021-12-19 04:24:14
312,Esperance,-33.8667,121.9,75.04,50,48,10.33,AU,2021-12-19 04:24:14
313,La Canada,20.6167,-100.3167,64.72,48,75,5.75,MX,2021-12-19 04:24:14
314,Portland,45.5234,-122.6762,44.42,94,90,1.01,US,2021-12-19 04:20:40
315,Codrington,-38.2667,141.9667,62.28,53,61,26.66,AU,2021-12-19 04:24:15
316,Mocuba,-16.8392,36.9856,69.82,87,100,5.35,MZ,2021-12-19 04:24:15
317,Berlevag,70.8578,29.0864,29.28,83,99,21.45,NO,2021-12-19 04:24:15
318,Barra Do Garcas,-15.89,-52.2567,74.07,94,95,0.94,BR,2021-12-19 04:24:16
319,Vanavara,60.34,102.2797,-34.31,95,20,3.6,RU,2021-12-19 04:24:16
320,Kitgum,3.2783,32.8867,72.55,54,100,1.63,UG,2021-12-19 04:24:16
321,Faya,18.3851,42.4509,48.31,65,22,1.79,SA,2021-12-19 04:24:17
322,Dhidhdhoo,6.8833,73.1,81.39,73,84,6.6,MV,2021-12-19 04:24:17
323,Mantua,45.1667,10.7833,39.81,94,2,7.0,IT,2021-12-19 04:24:17
324,Quelimane,-17.8786,36.8883,71.55,100,75,10.36,MZ,2021-12-19 04:24:17
325,Pauini,-7.7136,-66.9764,73.69,99,99,2.53,BR,2021-12-19 04:24:18
326,Castro,-24.7911,-50.0119,60.75,88,87,9.89,BR,2021-12-19 04:24:18
327,Paamiut,61.994,-49.6678,32.38,94,100,7.74,GL,2021-12-19 04:24:18
328,Ranfurly,-45.1333,170.1,69.64,47,77,16.26,NZ,2021-12-19 04:24:19
329,Oussouye,12.485,-16.5469,72.43,58,30,15.84,SN,2021-12-19 04:24:19
330,Paka,4.6374,103.4368,73.33,100,40,0.0,MY,2021-12-19 04:24:19
331,Zhigansk,66.7697,123.3711,-46.84,99,77,5.84,RU,2021-12-19 04:24:20
332,Kloulklubed,7.0419,134.2556,81.1,69,37,15.32,PW,2021-12-19 04:24:20
333,Slave Lake,55.2834,-114.769,6.78,78,90,16.11,CA,2021-12-19 04:20:52
334,Goderich,43.7501,-81.7165,31.91,86,100,11.5,CA,2021-12-19 04:21:02
335,Thompson,55.7435,-97.8558,-16.44,76,90,2.3,CA,2021-12-19 04:20:52
336,Shenzhen,22.5455,114.0683,65.93,48,96,7.65,CN,2021-12-19 04:24:21
337,Shatrovo,56.5167,64.6333,19.85,96,100,7.47,RU,2021-12-19 04:24:21
338,Monrovia,6.3005,-10.7969,78.28,87,6,2.75,LR,2021-12-19 04:24:21
339,Novoorsk,51.381,58.9813,29.05,97,95,6.04,RU,2021-12-19 04:24:21
340,Gornoye Loo,43.7129,39.6049,40.78,80,100,4.74,RU,2021-12-19 04:24:22
341,Gibara,21.1097,-76.1317,76.32,80,76,14.97,CU,2021-12-19 04:24:22
342,Parrsboro,45.4001,-64.332,28.96,47,100,1.01,CA,2021-12-19 04:24:22
343,Orange,33.7,-117.7675,59.47,64,1,0.0,US,2021-12-19 04:24:23
344,Sorland,67.667,12.6934,41.9,80,97,35.14,NO,2021-12-19 04:24:23
345,Waipawa,-41.4122,175.5153,65.93,52,5,3.83,NZ,2021-12-19 04:24:23
346,Pemangkat,1.1667,108.9667,82.4,76,100,3.47,ID,2021-12-19 04:24:24
347,Tamandare,-8.7597,-35.1047,77.52,80,77,7.27,BR,2021-12-19 04:24:24
348,Great Falls,47.5002,-111.3008,43.41,62,1,29.93,US,2021-12-19 04:24:24
349,Hasaki,35.7333,140.8333,50.29,49,25,11.9,JP,2021-12-19 04:24:25
350,Luangwa,-15.6167,30.4167,70.99,88,100,7.34,ZM,2021-12-19 04:24:25
351,Ihosy,-22.4,46.1167,72.73,77,46,3.4,MG,2021-12-19 04:24:25
352,Jalu,29.0331,21.5482,53.6,84,81,9.8,LY,2021-12-19 04:24:26
353,Sarkand,45.41,79.9186,35.98,63,100,7.87,KZ,2021-12-19 04:24:26
354,Sangar,63.9242,127.4739,-40.85,99,97,1.79,RU,2021-12-19 04:24:26
355,Villa Bisono,19.5638,-70.8758,67.8,93,57,7.16,DO,2021-12-19 04:24:27
356,Khor,47.8861,134.9464,2.23,86,43,8.08,RU,2021-12-19 04:20:39
357,Port Hedland,-20.3167,118.5667,113.05,7,12,10.36,AU,2021-12-19 04:24:27
358,Nizhneangarsk,55.7833,109.55,16.29,67,100,14.41,RU,2021-12-19 04:24:27
359,Astana,51.1801,71.446,22.95,74,0,13.42,KZ,2021-12-19 04:24:28
360,Lashio,22.9333,97.75,69.6,50,8,2.01,MM,2021-12-19 04:24:28
361,Pimentel,-6.8367,-79.9342,67.14,85,100,12.26,PE,2021-12-19 04:24:28
362,Lakes Entrance,-37.8811,147.981,63.16,81,100,19.3,AU,2021-12-19 04:24:29
363,Hirado,33.3597,129.5531,51.39,55,100,24.87,JP,2021-12-19 04:24:29
364,Port Augusta,-32.5,137.7667,83.71,43,52,22.77,AU,2021-12-19 04:24:29
365,Mokokchung,26.3333,94.5333,62.24,48,0,3.29,IN,2021-12-19 04:24:30
366,Ryotsu,38.0833,138.4333,33.76,94,93,6.02,JP,2021-12-19 04:24:30
367,Faanui,-16.4833,-151.75,80.37,73,84,12.59,PF,2021-12-19 04:24:30
368,Chivay,-15.6383,-71.6011,45.61,62,100,4.34,PE,2021-12-19 04:24:31
369,Sambava,-14.2667,50.1667,79.03,80,18,3.78,MG,2021-12-19 04:24:31
370,Takoradi,4.8845,-1.7554,79.47,82,70,4.97,GH,2021-12-19 04:24:31
371,Sisimiut,66.9395,-53.6735,29.82,64,100,8.23,GL,2021-12-19 04:24:32
372,Juneau,58.3019,-134.4197,26.22,91,75,0.0,US,2021-12-19 04:24:32
373,Tiarei,-17.5333,-149.3333,80.62,75,95,12.48,PF,2021-12-19 04:24:33
374,Basdiot,9.9472,123.3752,84.42,72,40,7.76,PH,2021-12-19 04:24:33
375,Tupiza,-21.45,-65.7167,58.32,69,53,5.1,BO,2021-12-19 04:24:33
376,Llano De Piedra,7.6667,-80.5667,76.89,99,98,2.21,PA,2021-12-19 04:24:34
377,Raudeberg,61.9875,5.1352,39.87,85,99,4.0,NO,2021-12-19 04:24:34
378,Lewisburg,35.4492,-86.7889,48.34,87,90,9.22,US,2021-12-19 04:24:34
379,Sokoto,13.0609,5.239,61.56,22,2,12.53,NG,2021-12-19 04:24:34
380,Solikamsk,59.6196,56.7729,10.35,91,100,6.6,RU,2021-12-19 04:24:35
381,Dukat,62.55,155.55,-31.81,98,99,5.61,RU,2021-12-19 04:24:35
382,Malyi,48.0167,20.8333,33.69,81,69,3.27,HU,2021-12-19 04:24:35
383,Vardo,70.3705,31.1107,29.39,77,100,25.12,NO,2021-12-19 04:24:36
384,Trincomalee,8.5711,81.2335,80.58,68,96,11.54,LK,2021-12-19 04:24:36
385,Yar-Sale,66.8333,70.8333,-28.34,98,26,7.14,RU,2021-12-19 04:24:36
386,Smithers,54.7804,-127.1743,-0.08,85,1,2.3,CA,2021-12-19 04:24:37
387,Pangody,65.85,74.4859,-37.14,100,47,5.14,RU,2021-12-19 04:24:37
388,Erenhot,43.6475,111.9767,23.36,53,0,17.54,CN,2021-12-19 04:24:37
389,Nalut,30.3333,10.85,43.56,85,1,9.31,LY,2021-12-19 04:24:38
390,Pochutla,15.7432,-96.4661,77.85,79,2,3.22,MX,2021-12-19 04:24:38
391,Aklavik,68.2191,-135.0107,-3.17,99,99,4.94,CA,2021-12-19 04:24:38
392,Vegreville,53.5001,-112.0518,-1.5,78,100,6.91,CA,2021-12-19 04:24:39
393,Zhangjiakou,40.81,114.8794,29.97,40,0,7.74,CN,2021-12-19 04:24:39
394,Roma,43.2128,-75.4557,36.09,96,90,0.0,US,2021-12-19 04:24:39
395,Paramonga,-10.6667,-77.8333,67.06,88,68,7.67,PE,2021-12-19 04:24:40
396,Bara,10.3744,10.7288,60.62,42,34,7.83,NG,2021-12-19 04:24:40
397,Cotonou,6.3654,2.4183,77.11,59,11,7.47,BJ,2021-12-19 04:21:53
398,Honningsvag,70.9821,25.9704,31.51,79,82,24.0,NO,2021-12-19 04:24:40
399,Pembroke,45.8168,-77.1162,19.38,88,99,5.01,CA,2021-12-19 04:24:41
400,Onguday,50.75,86.15,19.56,83,100,2.53,RU,2021-12-19 04:21:20
401,College,64.8569,-147.8028,13.66,84,90,3.44,US,2021-12-19 04:24:41
402,Ilulissat,69.2167,-51.1,37.42,52,54,14.97,GL,2021-12-19 04:24:41
403,Bucerias,20.75,-105.3333,74.98,83,90,0.0,MX,2021-12-19 04:24:42
404,Mahebourg,-20.4081,57.7,82.26,69,20,3.44,MU,2021-12-19 04:24:42
405,Mayumba,-3.432,10.6554,76.03,88,95,4.47,GA,2021-12-19 04:24:42
406,Shirgaon,19.7,72.7,78.82,54,0,6.58,IN,2021-12-19 04:24:43
407,Clyde River,70.4692,-68.5914,5.23,85,99,6.91,CA,2021-12-19 04:24:43
408,Buin,-33.7333,-70.75,73.74,62,0,1.21,CL,2021-12-19 04:24:43
409,Yulara,-25.2406,130.9889,103.84,9,6,12.66,AU,2021-12-19 04:24:44
410,Dongsheng,39.8161,109.9776,27.28,36,0,20.85,CN,2021-12-19 04:24:44
411,Vila Franca Do Campo,37.7167,-25.4333,60.19,88,99,15.7,PT,2021-12-19 04:24:44
412,Mbengwi,6.0167,10.0,61.11,55,26,3.11,CM,2021-12-19 04:24:45
413,Mahajanga,-15.7167,46.3167,84.22,74,20,5.75,MG,2021-12-19 04:24:45
414,Tual,-5.6667,132.75,85.21,67,99,3.06,ID,2021-12-19 04:24:45
415,Ballina,-28.8667,153.5667,89.78,64,2,16.11,AU,2021-12-19 04:24:45
416,Mumford,5.2618,-0.759,79.12,78,28,4.63,GH,2021-12-19 04:24:46
417,Curuguaty,-24.4694,-55.6945,76.41,69,9,2.21,PY,2021-12-19 04:24:46
418,Kayerkan,69.3497,87.7602,-30.71,97,74,2.21,RU,2021-12-19 04:24:46
419,Cadillac,44.2519,-85.4012,28.74,86,90,9.22,US,2021-12-19 04:24:47
420,Balocawehay,10.7221,124.9678,83.86,77,84,3.98,PH,2021-12-19 04:24:47
421,Petropavlovsk-Kamchatskiy,53.0452,158.6483,12.79,44,0,4.47,RU,2021-12-19 04:20:05
422,Adrar,20.5022,-10.0711,71.19,51,100,14.47,MR,2021-12-19 04:24:47
423,Alyangula,-13.8483,136.4192,94.87,46,100,11.5,AU,2021-12-19 04:24:48
424,Pobe,6.9801,2.6649,68.94,42,10,2.75,BJ,2021-12-19 04:24:48
425,Srednekolymsk,67.45,153.6833,-44.14,100,94,5.41,RU,2021-12-19 04:24:49
426,Ostrovnoy,68.0531,39.5131,13.89,82,99,18.97,RU,2021-12-19 04:24:49
427,Trairi,-3.2778,-39.2689,81.52,71,99,12.41,BR,2021-12-19 04:24:49
428,Gayny,60.3071,54.3241,8.69,97,99,2.68,RU,2021-12-19 04:24:50
429,Miles City,46.4083,-105.8406,29.52,68,1,10.36,US,2021-12-19 04:24:50
430,Aksarka,66.5606,67.7975,-38.04,100,35,2.44,RU,2021-12-19 04:24:50
431,Bahia Blanca,-38.7196,-62.2724,73.87,64,76,2.68,AR,2021-12-19 04:24:51
432,Arona,28.0996,-16.681,61.79,86,90,9.22,ES,2021-12-19 04:24:51
433,Isiro,2.7739,27.616,66.67,96,100,1.66,CD,2021-12-19 04:24:51
434,Plettenberg Bay,-34.0527,23.3716,65.53,76,100,6.4,ZA,2021-12-19 04:24:32
435,North Branch,45.5113,-92.9802,15.1,71,7,4.34,US,2021-12-19 04:24:52
436,Mount Gambier,-37.8333,140.7667,64.31,48,40,24.16,AU,2021-12-19 04:24:52
437,Codajas,-3.8367,-62.0569,74.16,99,100,2.13,BR,2021-12-19 04:24:52
438,Winton,37.3894,-120.6133,49.06,92,90,0.0,US,2021-12-19 04:24:53
439,Coquimbo,-29.9533,-71.3436,58.73,88,0,8.05,CL,2021-12-19 04:23:16
440,The Valley,18.217,-63.0578,78.1,73,6,24.47,AI,2021-12-19 04:24:53
441,Kieta,-6.2167,155.6333,84.24,68,100,0.16,PG,2021-12-19 04:24:54
442,Brae,60.3964,-1.353,46.31,84,100,13.8,GB,2021-12-19 04:24:54
443,Toba,34.4833,136.85,48.2,59,3,24.92,JP,2021-12-19 04:24:54
444,Novikovo,51.1537,37.8879,28.47,80,100,16.64,RU,2021-12-19 04:24:54
445,Ambilobe,-13.2,49.05,80.56,79,9,1.14,MG,2021-12-19 04:24:55
446,Nata,8.3333,-80.5167,78.46,89,100,3.76,PA,2021-12-19 04:24:55
447,Ahipara,-35.1667,173.1667,68.22,59,2,9.33,NZ,2021-12-19 04:24:55
448,Oriximina,-1.7656,-55.8661,75.78,94,100,1.34,BR,2021-12-19 04:24:56
449,Saint-Joseph,-21.3667,55.6167,82.78,71,56,4.27,RE,2021-12-19 04:24:56
450,Kalanguy,51.0167,116.5167,6.08,95,94,4.43,RU,2021-12-19 04:24:56
451,Tabou,4.423,-7.3528,79.47,83,90,5.03,CI,2021-12-19 04:24:57
452,Tevaitoa,-16.7833,-151.5,80.53,73,89,13.62,PF,2021-12-19 04:24:57
453,Harnosand,62.6323,17.9379,37.0,66,4,24.56,SE,2021-12-19 04:24:58
454,Juquitiba,-23.9317,-47.0683,69.37,99,99,3.22,BR,2021-12-19 04:24:58
455,Brest,52.1,23.7,37.36,93,90,17.9,BY,2021-12-19 04:24:58
456,Tiksi,71.6872,128.8694,-23.12,100,100,5.03,RU,2021-12-19 04:24:58
457,La Rioja,42.25,-2.5,28.18,68,0,5.35,ES,2021-12-19 04:24:59
458,Kavaratti,10.5669,72.642,82.04,64,6,8.68,IN,2021-12-19 04:24:59
459,Tafresh,34.692,50.013,32.72,82,21,4.61,IR,2021-12-19 04:24:59
460,Akyab,20.15,92.9,74.77,59,4,3.04,MM,2021-12-19 04:25:00
461,Tierranueva,21.6833,-100.5667,58.51,63,100,5.46,MX,2021-12-19 04:25:00
462,Nuuk,64.1835,-51.7216,32.61,80,75,10.36,GL,2021-12-19 04:25:00
463,Carandai,-20.9536,-43.8064,60.67,98,100,6.93,BR,2021-12-19 04:23:35
464,Melo,-32.3667,-54.1833,58.78,94,0,10.13,UY,2021-12-19 04:25:01
465,Boma,7.0805,-2.1697,66.07,57,4,0.67,GH,2021-12-19 04:25:01
466,Alice Springs,-23.7,133.8833,105.35,13,6,8.05,AU,2021-12-19 04:23:18
467,Batagay-Alyta,67.8006,130.4114,-21.73,99,100,0.78,RU,2021-12-19 04:25:02
468,Hit,33.6416,42.8251,51.89,51,0,4.65,IQ,2021-12-19 04:25:02
469,Acari,-15.4311,-74.6158,69.94,78,91,4.41,PE,2021-12-19 04:25:02
470,Nchelenge,-9.3451,28.734,67.98,91,100,3.65,ZM,2021-12-19 04:25:03
471,Itarema,-2.9248,-39.9167,80.76,75,91,14.03,BR,2021-12-19 04:25:03
472,Iqaluit,63.7506,-68.5145,6.53,77,90,13.0,CA,2021-12-19 04:20:33
473,Ada,43.4166,-116.1262,30.81,64,20,12.66,US,2021-12-19 04:25:03
474,Xinqing,48.2333,129.5,4.26,75,100,8.99,CN,2021-12-19 04:25:04
475,Evanston,42.0411,-87.6901,32.68,72,75,1.01,US,2021-12-19 04:25:04
476,Dauriya,49.9333,116.8667,10.04,87,19,9.89,RU,2021-12-19 04:25:04
477,Armizonskoye,55.9461,67.6736,20.28,96,100,11.18,RU,2021-12-19 04:25:05
478,Minbu,20.1833,94.8833,76.95,48,51,7.14,MM,2021-12-19 04:25:05
479,Channel-Port Aux Basques,47.5702,-59.1367,28.09,66,61,28.48,CA,2021-12-19 04:25:05
480,Ghanzi,-21.5667,21.7833,62.28,82,97,9.01,BW,2021-12-19 04:25:06
481,Guarenas,10.4674,-66.6066,75.65,98,50,1.34,VE,2021-12-19 04:25:06
482,Krasnoselkup,65.7,82.4667,-42.9,100,54,3.22,RU,2021-12-19 04:25:06
483,Noyabrsk,63.1994,75.4507,-32.03,98,24,6.89,RU,2021-12-19 04:21:57
484,Muscatine,41.4667,-91.1335,24.89,77,1,1.99,US,2021-12-19 04:25:07
485,Pokhara,28.2333,83.9833,59.52,24,0,3.58,NP,2021-12-19 04:23:05
486,Bodaybo,57.8506,114.1933,2.97,94,100,3.69,RU,2021-12-19 04:25:07
487,Santa Pola,38.1917,-0.5658,58.96,80,75,1.01,ES,2021-12-19 04:25:08
488,Chichimila,20.6167,-88.2167,70.29,99,50,2.59,MX,2021-12-19 04:25:08
489,Coihaique,-45.5752,-72.0662,59.61,63,3,3.44,CL,2021-12-19 04:25:08
490,Pudozh,61.8099,36.5345,17.04,92,99,9.51,RU,2021-12-19 04:25:09
491,Skjervoy,70.0311,20.9714,36.81,86,100,11.79,NO,2021-12-19 04:25:09
492,Leningradskiy,69.3833,178.4167,-15.16,96,100,11.65,RU,2021-12-19 04:25:09
493,Adelaide,-34.9333,138.6,73.56,50,75,14.0,AU,2021-12-19 04:24:00
494,San Rafael,-34.6177,-68.3301,73.22,64,36,8.61,AR,2021-12-19 04:25:10
495,Abu Samrah,35.3029,37.1841,50.54,73,100,9.33,SY,2021-12-19 04:25:10
496,Casambalangan,18.3765,122.1274,74.75,88,100,20.45,PH,2021-12-19 04:25:11
497,Miyoshi,35.0833,137.0667,47.82,58,23,12.71,JP,2021-12-19 04:25:11
498,Kargil,34.5667,76.1,-3.06,42,2,1.1,IN,2021-12-19 04:25:11
499,Pacific Grove,36.6177,-121.9166,49.96,88,1,1.01,US,2021-12-19 04:25:12
500,Laguna,38.421,-121.4238,47.25,94,1,3.44,US,2021-12-19 04:25:12
501,Aktau,43.65,51.2,39.78,82,95,4.79,KZ,2021-12-19 04:25:12
502,Romodanovo,54.4275,45.3296,18.63,96,91,6.87,RU,2021-12-19 04:25:13
503,Kaeo,-35.1,173.7833,71.78,56,0,7.92,NZ,2021-12-19 04:25:13
504,Shache,38.4167,77.2406,27.73,48,4,4.21,CN,2021-12-19 04:25:13
505,Sisophon,13.5859,102.9737,77.94,53,83,14.41,KH,2021-12-19 04:25:14
506,Colares,38.7992,-9.4469,52.32,66,97,1.01,PT,2021-12-19 04:25:14
507,Gorom-Gorom,14.4439,-0.2361,66.9,18,47,11.72,BF,2021-12-19 04:25:14
508,Ishigaki,24.3448,124.1572,68.13,52,40,17.27,JP,2021-12-19 04:25:15
509,Comodoro Rivadavia,-45.8667,-67.5,60.66,63,0,2.3,AR,2021-12-19 04:25:15
510,Santiago,-33.4569,-70.6483,72.86,51,0,8.05,CL,2021-12-19 04:23:56
511,Inhambane,-23.865,35.3833,71.58,68,40,6.91,MZ,2021-12-19 04:25:15
512,Gurupa,-1.405,-51.64,74.03,95,100,3.76,BR,2021-12-19 04:25:16
513,Leshukonskoye,64.8989,45.7622,-2.6,97,100,6.24,RU,2021-12-19 04:25:16
514,Abu Dhabi,24.4667,54.3667,67.96,66,0,5.75,AE,2021-12-19 04:25:16
515,Halifax,44.6453,-63.5724,32.05,60,100,2.3,CA,2021-12-19 04:25:17
516,Severodvinsk,64.5635,39.8302,3.31,93,100,10.36,RU,2021-12-19 04:25:17
517,Ambon,-3.6954,128.1814,86.38,65,87,1.63,ID,2021-12-19 04:25:17
518,Kuvandyk,51.4781,57.3552,21.02,98,95,4.23,RU,2021-12-19 04:25:18
519,Myre,69.1036,15.9492,39.15,77,99,31.36,NO,2021-12-19 04:25:18
520,Loukhi,66.0764,33.0381,23.07,94,100,9.55,RU,2021-12-19 04:25:18
521,Sao Francisco De Assis,-29.5503,-55.1311,67.68,78,24,15.46,BR,2021-12-19 04:25:19
522,Mpika,-11.8343,31.4529,62.04,98,100,2.15,ZM,2021-12-19 04:25:19
523,Kpandae,8.4689,-0.0113,72.88,25,3,5.03,GH,2021-12-19 04:25:19
524,Mount Isa,-20.7333,139.5,103.77,24,40,6.91,AU,2021-12-19 04:25:20
525,Blind River,46.1834,-82.9582,19.51,78,30,7.43,CA,2021-12-19 04:25:20
526,Udachnyy,66.4167,112.4,-42.56,72,96,5.48,RU,2021-12-19 04:24:14
527,Karla,59.3723,24.9275,37.36,77,75,18.41,EE,2021-12-19 04:25:20
528,Padang,-0.9492,100.3543,82.45,87,100,4.36,ID,2021-12-19 04:25:21
529,Pangai,-19.8,-174.35,82.27,81,21,16.71,TO,2021-12-19 04:25:21
530,Bluffton,32.2371,-80.8604,69.76,94,1,11.5,US,2021-12-19 04:25:20
531,Nara,34.6851,135.8049,49.5,95,46,14.45,JP,2021-12-19 04:25:22
532,Kondinskoye,59.6481,67.41,6.31,94,100,11.65,RU,2021-12-19 04:25:22
533,Murdochville,48.9583,-65.5006,16.68,87,100,2.13,CA,2021-12-19 04:25:14
534,Portree,57.4129,-6.1942,39.52,93,61,4.0,GB,2021-12-19 04:25:22
535,Panzhihua,26.5851,101.7128,59.47,59,95,0.31,CN,2021-12-19 04:25:23
536,Moerai,-22.4333,-151.3333,78.48,69,1,16.8,PF,2021-12-19 04:25:23
537,Port Macquarie,-31.4333,152.9167,87.76,64,44,18.59,AU,2021-12-19 04:25:23
538,Mana,5.6592,-53.7767,76.77,90,25,6.15,GF,2021-12-19 04:25:24
539,Shushenskoye,53.325,91.9356,24.48,72,84,14.81,RU,2021-12-19 04:25:24
540,Pascagoula,30.3658,-88.5561,68.22,98,100,7.72,US,2021-12-19 04:25:02
541,Lompoc,34.6391,-120.4579,53.92,85,1,3.44,US,2021-12-19 04:24:32
542,Central Point,42.376,-122.9164,44.1,88,1,0.0,US,2021-12-19 04:25:24
543,Mangan,27.5167,88.5333,64.72,21,0,5.19,IN,2021-12-19 04:25:25
544,Umm Lajj,25.0213,37.2685,63.97,60,1,12.28,SA,2021-12-19 04:25:25
545,Port Pirie,-33.1833,138.0167,71.69,48,74,22.68,AU,2021-12-19 04:25:25
546,Tooele,40.5308,-112.2983,24.24,86,1,4.61,US,2021-12-19 04:25:26
547,Tsevie,6.4261,1.2133,72.48,75,17,3.11,TG,2021-12-19 04:25:26
548,Saint-Augustin,51.226,-58.6502,13.42,67,30,22.17,CA,2021-12-19 04:25:27
549,Havre-Saint-Pierre,50.2334,-63.5986,19.4,67,1,12.66,CA,2021-12-19 04:25:27
550,Jawhar,2.7809,45.5005,77.22,82,83,11.16,SO,2021-12-19 04:25:27
551,Fuerte Olimpo,-21.0415,-57.8738,78.66,80,100,4.36,PY,2021-12-19 04:25:27
552,Jiaocheng,24.6774,116.1389,65.3,26,0,3.74,CN,2021-12-19 04:25:28
553,Sao Joao Da Barra,-21.6403,-41.0511,72.66,85,80,9.17,BR,2021-12-19 04:25:28
554,Salalah,17.0151,54.0924,73.49,64,20,4.61,OM,2021-12-19 04:21:25
555,Ucluelet,48.9329,-125.5528,38.08,87,47,3.49,CA,2021-12-19 04:25:29
556,Severo-Yeniseyskiy,60.3725,93.0408,-35.64,99,35,2.48,RU,2021-12-19 04:21:19
557,Coromandel,-18.4733,-47.2003,64.83,97,63,3.6,BR,2021-12-19 04:25:29
558,Livani,56.3543,26.1758,38.14,83,98,13.06,LV,2021-12-19 04:25:29
559,Batticaloa,7.7102,81.6924,80.76,70,94,11.23,LK,2021-12-19 04:25:30
560,Muros,42.7762,-9.0603,50.23,66,15,6.4,ES,2021-12-19 04:25:30
561,Bairnsdale,-37.8333,147.6167,63.05,94,100,3.0,AU,2021-12-19 04:25:30
562,Bristol,41.8334,-71.1662,44.47,89,90,0.0,US,2021-12-19 04:25:31
563,Clearlake,38.9582,-122.6264,40.78,66,86,2.01,US,2021-12-19 04:25:31
564,Angarsk,52.5367,103.8864,20.12,94,100,3.36,RU,2021-12-19 04:25:31
565,Ojinaga,29.5667,-104.4167,51.42,53,90,13.8,MX,2021-12-19 04:25:32
566,Ketchikan,55.3422,-131.6461,30.67,74,1,10.36,US,2021-12-19 04:25:32
567,Morondava,-20.2833,44.2833,82.33,71,30,3.62,MG,2021-12-19 04:25:32
568,Port Lincoln,-34.7333,135.8667,64.45,46,100,21.16,AU,2021-12-19 04:25:33
569,Elko,41.0002,-115.5012,12.63,88,57,3.56,US,2021-12-19 04:25:33
570,Puerto Suarez,-18.95,-57.8,75.06,97,100,2.71,BO,2021-12-19 04:25:33
571,Maksatikha,57.797,35.8825,29.03,98,100,4.32,RU,2021-12-19 04:25:34
572,Alihe,50.5667,123.7167,8.31,67,43,2.06,CN,2021-12-19 04:25:34
573,Bandarbeyla,9.4942,50.8122,76.73,75,56,15.48,SO,2021-12-19 04:25:35
574,Zhob,31.3411,69.4481,48.07,10,11,4.07,PK,2021-12-19 04:25:35
575,Gravdal,68.1214,13.5031,40.3,79,58,28.27,NO,2021-12-19 04:25:35
576,Namibe,-15.1961,12.1522,68.59,71,100,5.55,AO,2021-12-19 04:25:36
577,Tres Lagoas,-20.7511,-51.6783,72.88,91,12,8.34,BR,2021-12-19 04:25:36
578,Najran,17.4924,44.1277,52.45,34,11,2.55,SA,2021-12-19 04:25:36
