City_ID,City,Country,Lat,Lng,Max Temp,Humidity,Cloudiness,Wind Speed,Current Description,Date
0,Salinopolis,BR,-0.6136,-47.3561,81.1,80,100,10.98,overcast clouds,2021-12-19 21:15:42
1,Arraial Do Cabo,BR,-22.9661,-42.0278,76.86,69,75,11.5,broken clouds,2021-12-19 21:15:42
2,Chuy,UY,-33.6971,-53.4616,73.85,67,8,15.17,clear sky,2021-12-19 21:15:43
3,Port Macquarie,AU,-31.4333,152.9167,75.16,75,90,2.91,overcast clouds,2021-12-19 21:15:43
4,Punta Arenas,CL,-53.15,-70.9167,50.11,53,40,35.68,scattered clouds,2021-12-19 21:15:43
5,Mayor Pablo Lagerenza,PY,-19.9309,-60.7718,91.09,49,97,7.36,overcast clouds,2021-12-19 21:15:44
6,Yinchuan,CN,38.4681,106.2731,30.83,26,2,4.21,clear sky,2021-12-19 21:15:44
7,Upernavik,GL,72.7868,-56.1549,27.28,87,100,4.81,overcast clouds,2021-12-19 21:14:13
8,Hobart,AU,-42.8794,147.3294,61.27,56,75,1.99,broken clouds,2021-12-19 21:13:07
9,Dhankuta,NP,26.9833,87.3333,44.35,83,0,6.4,clear sky,2021-12-19 21:15:45
10,College,US,64.8569,-147.8028,17.58,87,90,3.44,snow,2021-12-19 21:15:45
11,Cherskiy,RU,68.75,161.3,-20.65,98,100,21.45,light snow,2021-12-19 21:15:45
12,Tuktoyaktuk,CA,69.4541,-133.0374,-18.4,69,75,10.36,broken clouds,2021-12-19 21:15:46
13,Cape Town,ZA,-33.9258,18.4232,73.11,66,0,1.99,clear sky,2021-12-19 21:15:46
14,Kapaa,US,22.0752,-159.319,80.92,72,75,4.0,light rain,2021-12-19 21:15:46
15,Cachoeira Do Sul,BR,-30.0392,-52.8939,91.72,33,0,7.0,clear sky,2021-12-19 21:15:47
16,Rikitea,PF,-23.1203,-134.9692,74.14,83,100,14.72,overcast clouds,2021-12-19 21:15:47
17,Cervo,ES,43.6702,-7.4101,39.2,79,5,7.43,clear sky,2021-12-19 21:15:47
18,Albany,US,42.6001,-73.9662,29.34,72,66,13.0,broken clouds,2021-12-19 21:15:48
19,Bluff,NZ,-46.6,168.3333,72.81,52,97,25.64,overcast clouds,2021-12-19 21:15:48
20,Ushuaia,AR,-54.8,-68.3,38.86,81,75,18.41,light intensity drizzle,2021-12-19 21:15:48
21,Carnarvon,AU,-24.8667,113.6333,69.87,83,0,16.11,clear sky,2021-12-19 21:11:07
22,Coihaique,CL,-45.5752,-72.0662,74.01,38,0,7.58,clear sky,2021-12-19 21:15:49
23,Poronaysk,RU,49.2167,143.1167,-7.08,98,98,4.54,overcast clouds,2021-12-19 21:15:49
24,Georgetown,MY,5.4112,100.3354,78.73,82,20,1.01,few clouds,2021-12-19 21:11:23
25,Apache Junction,US,33.4151,-111.5496,68.23,23,1,1.01,clear sky,2021-12-19 21:15:50
26,Hithadhoo,MV,-0.6,73.0833,81.84,73,68,3.53,broken clouds,2021-12-19 21:15:50
27,Hilo,US,19.7297,-155.09,76.28,40,75,3.44,light rain,2021-12-19 21:15:50
28,Ponta Do Sol,PT,32.6667,-17.1,69.01,93,98,16.6,overcast clouds,2021-12-19 21:15:51
29,Bredasdorp,ZA,-34.5322,20.0403,66.27,88,76,10.36,broken clouds,2021-12-19 21:15:51
30,Anadyr,RU,64.75,177.4833,5.5,77,20,15.01,few clouds,2021-12-19 21:15:51
31,Paraguacu Paulista,BR,-22.4128,-50.5758,78.04,63,0,7.05,clear sky,2021-12-19 21:15:52
32,Saskylakh,RU,71.9167,114.0833,-10.34,97,100,10.56,overcast clouds,2021-12-19 21:15:52
33,Carutapera,BR,-1.195,-46.02,80.92,76,100,8.1,overcast clouds,2021-12-19 21:15:52
34,San Quintin,MX,30.4833,-115.95,63.25,42,0,7.99,clear sky,2021-12-19 21:15:53
35,Atuona,PF,-9.8,-139.0333,77.68,75,3,14.38,clear sky,2021-12-19 21:15:53
36,Castro,BR,-24.7911,-50.0119,75.74,53,5,3.33,clear sky,2021-12-19 21:15:53
37,Yellowknife,CA,62.456,-114.3525,-15.59,82,20,5.75,few clouds,2021-12-19 21:15:54
38,Auki,SB,-8.7676,160.7034,78.35,85,100,3.11,overcast clouds,2021-12-19 21:15:54
39,Les Cayes,HT,18.2,-73.75,81.55,67,99,6.51,overcast clouds,2021-12-19 21:15:54
40,Vaini,TO,-21.2,-175.2,86.16,84,40,12.66,scattered clouds,2021-12-19 21:15:55
41,Garowe,SO,8.4054,48.4845,70.72,76,10,13.91,clear sky,2021-12-19 21:15:55
42,Klaksvik,FO,62.2266,-6.589,40.12,77,100,11.54,overcast clouds,2021-12-19 21:15:55
43,Yurla,RU,59.3259,54.3223,3.18,99,100,3.04,overcast clouds,2021-12-19 21:15:56
44,Narrabri,AU,-30.3167,149.7833,82.53,45,93,5.01,overcast clouds,2021-12-19 21:15:56
45,Tasiilaq,GL,65.6145,-37.6368,28.56,71,93,10.49,overcast clouds,2021-12-19 21:15:56
46,Sindor,RU,62.8629,51.8905,2.26,92,100,7.56,overcast clouds,2021-12-19 21:15:57
47,Port Elizabeth,ZA,-33.918,25.5701,67.1,87,39,14.74,scattered clouds,2021-12-19 21:13:30
48,Puerto Ayora,EC,-0.7393,-90.3518,80.56,85,100,8.16,overcast clouds,2021-12-19 21:15:57
49,Viedma,AR,-40.8135,-62.9967,90.55,16,0,9.84,clear sky,2021-12-19 21:15:57
50,Matara,LK,5.9485,80.5353,75.81,87,68,3.15,broken clouds,2021-12-19 21:15:58
51,Santa Rosalia,MX,27.3167,-112.2833,64.6,42,0,9.8,clear sky,2021-12-19 21:15:58
52,Alofi,NU,-19.0595,-169.9187,82.29,74,75,13.8,broken clouds,2021-12-19 21:15:58
53,Sao Filipe,CV,14.8961,-24.4956,72.99,79,100,7.76,overcast clouds,2021-12-19 21:15:59
54,Mahebourg,MU,-20.4081,57.7,79.25,88,40,3.44,scattered clouds,2021-12-19 21:15:59
55,Petauke,ZM,-14.2426,31.3253,67.71,85,97,5.48,light rain,2021-12-19 21:15:59
56,Hermanus,ZA,-34.4187,19.2345,71.91,80,100,13.42,overcast clouds,2021-12-19 21:16:00
57,San Cristobal,VE,7.7669,-72.225,75.38,51,50,0.96,scattered clouds,2021-12-19 21:16:00
58,Vila Do Maio,CV,15.1333,-23.2167,72.39,82,100,10.96,overcast clouds,2021-12-19 21:16:00
59,Taoudenni,ML,22.6783,-3.9836,78.01,16,100,7.76,overcast clouds,2021-12-19 21:16:01
60,Cam Ranh,VN,11.9214,109.1591,67.96,94,40,0.0,scattered clouds,2021-12-19 21:16:01
61,Acarau,BR,-2.8856,-40.12,81.45,72,71,15.75,broken clouds,2021-12-19 21:16:01
62,Lamballe,FR,48.4676,-2.5144,42.08,95,5,1.01,clear sky,2021-12-19 21:16:02
63,Zhenlai,CN,45.8495,123.2973,12.96,89,94,6.76,overcast clouds,2021-12-19 21:16:02
64,Verkhnyaya Toyma,RU,62.2349,44.9985,3.02,94,100,8.03,overcast clouds,2021-12-19 21:16:02
65,Nkhotakota,MW,-12.9274,34.2961,75.52,83,86,4.94,moderate rain,2021-12-19 21:16:03
66,Kochubey,RU,44.3861,46.5825,34.39,78,14,7.25,few clouds,2021-12-19 21:16:03
67,Bay Roberts,CA,47.5999,-53.2648,23.5,67,6,4.0,clear sky,2021-12-19 21:16:03
68,Nishihara,JP,26.1842,127.7558,57.25,70,20,3.44,few clouds,2021-12-19 21:16:04
69,Fortuna,US,40.5982,-124.1573,56.66,65,75,5.01,broken clouds,2021-12-19 21:16:04
70,Baghdad,IQ,33.3406,44.4009,49.91,62,0,3.44,clear sky,2021-12-19 21:12:10
71,Airai,TL,-8.9266,125.4092,62.11,94,100,0.49,overcast clouds,2021-12-19 21:16:05
72,Leshukonskoye,RU,64.8989,45.7622,-16.01,96,78,6.6,broken clouds,2021-12-19 21:16:05
73,Hare Bay,CA,48.8499,-54.0148,20.55,84,92,8.7,overcast clouds,2021-12-19 21:16:05
74,Presidencia Roque Saenz Pena,AR,-26.7852,-60.4388,96.4,30,96,0.56,overcast clouds,2021-12-19 21:16:06
75,Kodiak,US,57.79,-152.4072,31.51,74,1,0.0,clear sky,2021-12-19 21:16:06
76,Havoysund,NO,70.9963,24.6622,28.63,71,100,12.03,light snow,2021-12-19 21:16:06
77,Hofn,IS,64.2539,-15.2082,40.77,81,100,5.23,overcast clouds,2021-12-19 21:16:07
78,Jutai,BR,-5.1833,-68.9,82.08,89,99,2.37,overcast clouds,2021-12-19 21:11:15
79,Lata,PT,40.1629,-8.3327,59.81,63,100,11.07,overcast clouds,2021-12-19 21:16:07
80,Kununurra,AU,-15.7667,128.7333,84.18,74,100,4.61,overcast clouds,2021-12-19 21:16:07
81,Borujerd,IR,33.8973,48.7516,40.41,87,30,6.06,scattered clouds,2021-12-19 21:16:08
82,Iqaluit,CA,63.7506,-68.5145,4.73,72,75,6.91,broken clouds,2021-12-19 21:16:08
83,Tiksi,RU,71.6872,128.8694,-19.62,100,100,5.08,overcast clouds,2021-12-19 21:16:08
84,Bilibino,RU,68.0546,166.4372,-25.65,99,100,6.4,light snow,2021-12-19 21:16:09
85,Ribeira Grande,PT,38.5167,-28.7,57.6,82,75,16.11,broken clouds,2021-12-19 21:16:09
86,Yerbogachen,RU,61.2767,108.0108,-42.72,99,64,3.29,broken clouds,2021-12-19 21:16:09
87,Kavieng,PG,-2.5744,150.7967,81.72,76,68,2.64,broken clouds,2021-12-19 21:16:10
88,Vila Franca Do Campo,PT,37.7167,-25.4333,61.21,86,89,10.0,overcast clouds,2021-12-19 21:16:10
89,Alpatovo,RU,43.7028,45.2415,36.37,86,34,5.3,scattered clouds,2021-12-19 21:16:10
90,Mackay,AU,-21.15,149.2,85.05,69,38,6.4,scattered clouds,2021-12-19 21:16:11
91,Nadym,RU,65.5333,72.5167,-30.84,96,60,10.13,broken clouds,2021-12-19 21:16:11
92,Kupang,ID,-10.1667,123.5833,77.58,100,40,1.14,scattered clouds,2021-12-19 21:16:11
93,Chokurdakh,RU,70.6333,147.9167,-13.22,98,100,10.78,light snow,2021-12-19 21:16:12
94,Ewa Beach,US,21.3156,-158.0072,80.55,71,40,8.05,light rain,2021-12-19 21:14:46
95,Bhanvad,IN,21.9264,69.7736,64.63,26,6,8.23,clear sky,2021-12-19 21:16:12
96,Antalaha,MG,-14.9003,50.2788,74.35,87,96,3.65,overcast clouds,2021-12-19 21:16:13
97,Moacsa,RO,45.8667,25.9667,33.12,98,97,4.76,light snow,2021-12-19 21:16:13
98,Zhoucheng,CN,35.9122,116.3117,35.38,56,63,4.43,broken clouds,2021-12-19 21:16:13
99,Wasilla,US,61.5814,-149.4394,19.4,86,90,0.0,overcast clouds,2021-12-19 21:16:13
100,Aklavik,CA,68.2191,-135.0107,-6.77,100,78,6.4,broken clouds,2021-12-19 21:16:14
101,Tabas,IR,33.5959,56.9244,56.55,52,36,1.21,scattered clouds,2021-12-19 21:16:14
102,Dicabisagan,PH,17.0818,122.4157,76.95,91,100,14.63,overcast clouds,2021-12-19 21:16:14
103,Longyearbyen,SJ,78.2186,15.6401,26.44,86,75,11.5,light snow,2021-12-19 21:16:15
104,Bolobo,CD,-2.1667,16.2333,76.57,76,100,2.04,overcast clouds,2021-12-19 21:16:15
105,Hasaki,JP,35.7333,140.8333,27.0,52,6,8.84,clear sky,2021-12-19 21:16:15
106,Huaquillas,EC,-3.4833,-80.2333,80.49,73,75,9.22,broken clouds,2021-12-19 21:16:16
107,Formosa,AR,-26.1775,-58.1781,102.18,30,40,8.05,scattered clouds,2021-12-19 21:16:16
108,Vredendal,ZA,-31.6683,18.5012,69.1,71,73,6.67,broken clouds,2021-12-19 21:16:16
109,Teotlalcingo,MX,19.825,-97.9942,57.88,79,57,7.61,broken clouds,2021-12-19 21:16:17
110,Sikonge,TZ,-5.6333,32.7667,65.03,90,100,3.29,overcast clouds,2021-12-19 21:16:17
111,Severo-Kurilsk,RU,50.6789,156.125,27.77,89,100,13.98,light snow,2021-12-19 21:16:17
112,Celestun,MX,20.8667,-90.4,78.96,79,64,10.2,broken clouds,2021-12-19 21:16:18
113,Bani,DO,18.2833,-70.3333,83.64,57,50,12.06,scattered clouds,2021-12-19 21:16:18
114,Doliana,GR,39.9032,20.5794,42.01,68,4,3.76,clear sky,2021-12-19 21:16:18
115,Dunmore Town,BS,25.5,-76.65,78.37,75,0,11.05,clear sky,2021-12-19 21:16:19
116,La Asuncion,VE,11.0333,-63.8628,83.93,70,59,18.41,broken clouds,2021-12-19 21:16:19
117,Sambava,MG,-14.2667,50.1667,74.17,90,95,4.32,overcast clouds,2021-12-19 21:16:19
118,Busselton,AU,-33.65,115.3333,52.09,90,70,8.57,broken clouds,2021-12-19 21:16:20
119,Victoria,HK,22.2855,114.1577,67.24,57,100,5.01,overcast clouds,2021-12-19 21:15:32
120,Avarua,CK,-21.2078,-159.775,80.65,74,75,9.22,broken clouds,2021-12-19 21:16:20
121,Kirakira,SB,-10.4544,161.9205,81.66,77,96,1.81,overcast clouds,2021-12-19 21:16:21
122,Alexandria,EG,31.2156,29.9553,51.64,82,100,14.12,overcast clouds,2021-12-19 21:16:21
123,Naze,JP,28.3667,129.4833,55.36,60,41,6.08,scattered clouds,2021-12-19 21:16:21
124,Deputatskiy,RU,69.3,139.9,-36.29,96,91,5.5,overcast clouds,2021-12-19 21:16:21
125,Wynyard,AU,-41.0,145.7167,54.99,89,91,20.24,overcast clouds,2021-12-19 21:16:22
126,Yantai,CN,37.5333,121.4,37.85,54,92,7.87,overcast clouds,2021-12-19 21:16:22
127,Wanning,CN,18.8003,110.3967,65.98,95,100,20.2,heavy intensity rain,2021-12-19 21:16:22
128,Jamestown,US,42.097,-79.2353,29.08,77,90,3.0,overcast clouds,2021-12-19 21:16:23
129,Cidreira,BR,-30.1811,-50.2056,72.37,73,0,24.16,clear sky,2021-12-19 21:16:23
130,Port Alfred,ZA,-33.5906,26.891,69.42,86,29,19.98,scattered clouds,2021-12-19 21:16:23
131,Mataura,NZ,-46.1927,168.8643,72.48,41,100,10.09,overcast clouds,2021-12-19 21:16:24
132,Butaritari,KI,3.0707,172.7902,82.18,74,100,16.4,overcast clouds,2021-12-19 21:16:24
133,Camacha,PT,33.0833,-16.3333,65.53,94,40,14.97,scattered clouds,2021-12-19 21:16:24
134,Lapeer,US,43.0514,-83.3188,29.48,84,73,2.06,broken clouds,2021-12-19 21:16:24
135,East London,ZA,-33.0153,27.9116,69.67,84,71,17.96,broken clouds,2021-12-19 21:16:25
136,Capitao Poco,BR,-1.7464,-47.0594,80.24,77,100,4.7,overcast clouds,2021-12-19 21:16:25
137,Kaeo,NZ,-35.1,173.7833,67.64,60,0,4.79,clear sky,2021-12-19 21:16:26
138,Dikson,RU,73.5069,80.5464,-27.51,98,97,1.21,overcast clouds,2021-12-19 21:16:26
139,San Juan,AR,-31.5375,-68.5364,98.67,22,50,9.82,scattered clouds,2021-12-19 21:15:12
140,Faanui,PF,-16.4833,-151.75,79.81,76,23,8.57,light rain,2021-12-19 21:16:26
141,Balezino,RU,57.9796,53.0106,8.53,98,94,4.59,overcast clouds,2021-12-19 21:16:27
142,Moose Factory,CA,51.2585,-80.6094,-0.4,71,1,10.36,clear sky,2021-12-19 21:16:27
143,Sakakah,SA,29.9697,40.2064,51.37,53,100,5.91,overcast clouds,2021-12-19 21:16:27
144,Kaitangata,NZ,-46.2817,169.8464,66.11,51,100,6.89,overcast clouds,2021-12-19 21:16:28
145,Bolshoye Nagatkino,RU,54.5196,47.9679,25.77,94,100,16.24,light snow,2021-12-19 21:16:28
146,Thompson,CA,55.7435,-97.8558,-3.84,77,90,9.22,light snow,2021-12-19 21:16:28
147,New Norfolk,AU,-42.7826,147.0587,58.66,58,98,4.0,overcast clouds,2021-12-19 21:16:28
148,Xiamen,CN,24.4798,118.0819,59.25,44,0,2.24,clear sky,2021-12-19 21:16:29
149,Rockland,US,41.1668,-74.0496,37.45,58,62,1.01,broken clouds,2021-12-19 21:16:29
150,Poum,NC,-20.2333,164.0167,79.48,75,44,2.48,scattered clouds,2021-12-19 21:16:29
151,Oirschot,NL,51.505,5.3139,45.05,86,90,3.44,mist,2021-12-19 21:16:10
152,Sitka,US,57.0531,-135.33,33.69,69,1,3.44,clear sky,2021-12-19 21:16:30
153,Karratha,AU,-20.7377,116.8463,90.79,27,12,6.13,few clouds,2021-12-19 21:16:30
154,Cuyotenango,GT,14.5333,-91.5667,86.52,75,8,5.93,clear sky,2021-12-19 21:16:30
155,Katsuura,JP,35.1333,140.3,37.51,60,0,9.82,clear sky,2021-12-19 21:16:31
156,Pevek,RU,69.7008,170.3133,-8.25,98,100,7.29,light snow,2021-12-19 21:16:31
157,Kulachi,PK,31.9286,70.4592,51.33,14,37,2.77,scattered clouds,2021-12-19 21:16:31
158,Saldanha,ZA,-33.0117,17.9442,65.86,81,100,7.25,overcast clouds,2021-12-19 21:16:32
159,Bayevo,RU,53.2833,80.7667,28.08,97,100,10.29,light snow,2021-12-19 21:16:32
160,Cap Malheureux,MU,-19.9842,57.6142,79.47,76,6,1.01,clear sky,2021-12-19 21:16:32
161,Torbay,CA,47.6666,-52.7314,22.75,77,20,10.36,few clouds,2021-12-19 21:16:33
162,Okhotsk,RU,59.3833,143.3,2.03,98,100,13.6,light snow,2021-12-19 21:16:33
163,Lamu,KE,-2.2717,40.902,80.82,87,71,10.2,light rain,2021-12-19 21:16:33
164,Kamenka,RU,51.3223,42.7678,31.75,97,100,20.15,snow,2021-12-19 21:16:34
165,Bella Union,UY,-30.2752,-57.6007,103.77,15,9,6.38,clear sky,2021-12-19 21:16:34
166,Sur,OM,22.5667,59.5289,68.81,68,38,3.74,scattered clouds,2021-12-19 21:16:35
167,Khatanga,RU,71.9667,102.5,-11.92,98,100,10.96,overcast clouds,2021-12-19 21:16:35
168,Bangui,CF,4.3612,18.555,82.58,41,82,1.95,broken clouds,2021-12-19 21:16:35
169,Yagodnoye,RU,62.55,149.6667,-44.07,100,76,2.77,broken clouds,2021-12-19 21:16:35
170,Jalu,LY,29.0331,21.5482,49.17,64,4,11.25,clear sky,2021-12-19 21:16:36
171,Xifeng,CN,42.7372,124.7222,22.42,66,1,11.59,clear sky,2021-12-19 21:16:36
172,Nizhyn,UA,51.048,31.8869,33.22,82,100,14.74,overcast clouds,2021-12-19 21:16:36
173,Chapais,CA,49.7834,-74.8492,-0.62,93,97,3.89,overcast clouds,2021-12-19 21:16:37
174,Suvorovskaya,RU,44.1942,42.6539,26.89,86,23,2.75,few clouds,2021-12-19 21:16:37
175,Shahrud,IR,36.4182,54.9763,37.85,77,0,1.77,clear sky,2021-12-19 21:16:37
176,Luderitz,NA,-26.6481,15.1594,59.59,92,22,1.88,few clouds,2021-12-19 21:16:38
177,Saint-Philippe,RE,-21.3585,55.7679,80.19,80,97,3.27,light rain,2021-12-19 21:16:38
178,Amapa,BR,1.0,-52.0,81.86,69,57,3.15,broken clouds,2021-12-19 21:16:38
179,Mar Del Plata,AR,-38.0023,-57.5575,70.88,88,2,7.0,clear sky,2021-12-19 21:16:39
180,Trincomalee,LK,8.5711,81.2335,80.22,69,28,12.01,scattered clouds,2021-12-19 21:16:39
181,Kampot,KH,10.6167,104.1833,77.05,74,100,3.83,overcast clouds,2021-12-19 21:16:39
182,Constitucion,CL,-35.3333,-72.4167,68.68,62,29,17.18,scattered clouds,2021-12-19 21:16:40
183,Nara,JP,34.6851,135.8049,40.96,72,11,3.31,few clouds,2021-12-19 21:16:40
184,Codrington,AU,-38.2667,141.9667,58.64,62,40,17.02,scattered clouds,2021-12-19 21:16:40
185,Kathmandu,NP,27.7167,85.3167,41.22,93,20,3.44,mist,2021-12-19 21:16:41
186,Salalah,OM,17.0151,54.0924,75.29,64,20,3.44,few clouds,2021-12-19 21:16:41
187,Kutum,SD,14.2,24.6667,62.35,29,0,9.33,clear sky,2021-12-19 21:16:41
188,Lokosovo,RU,61.1333,74.8167,-13.54,89,100,13.18,overcast clouds,2021-12-19 21:16:42
189,Labuhan,ID,-6.8844,112.2051,79.99,81,100,3.58,moderate rain,2021-12-19 21:16:42
190,Tucuman,AR,-26.8241,-65.2226,87.8,58,0,10.36,clear sky,2021-12-19 21:16:42
191,Komsomolskiy,UZ,40.4272,71.7189,45.82,64,100,11.5,mist,2021-12-19 21:16:43
192,Barrow,US,71.2906,-156.7887,-0.38,71,90,21.85,overcast clouds,2021-12-19 21:16:43
193,Fasa,IR,28.9383,53.6482,42.04,28,88,0.0,overcast clouds,2021-12-19 21:16:43
194,Pisco,PE,-13.7,-76.2167,69.03,83,17,8.05,few clouds,2021-12-19 21:16:44
195,Ordynskoye,RU,54.3656,81.8994,23.61,96,100,6.62,light snow,2021-12-19 21:16:44
196,Touros,BR,-5.1989,-35.4608,83.3,73,99,11.77,overcast clouds,2021-12-19 21:16:44
197,Chinsali,ZM,-10.5414,32.0816,64.02,96,76,3.31,moderate rain,2021-12-19 21:16:45
198,Kavaratti,IN,10.5669,72.642,81.21,64,0,4.52,clear sky,2021-12-19 21:16:45
199,Keuruu,FI,62.2667,24.7,21.79,84,100,10.27,light snow,2021-12-19 21:16:45
200,Qostanay,KZ,53.1667,63.5833,30.49,86,90,13.42,overcast clouds,2021-12-19 21:16:46
201,Bathsheba,BB,13.2167,-59.5167,81.21,65,20,25.32,few clouds,2021-12-19 21:16:46
202,Namatanai,PG,-3.6667,152.4333,80.42,80,83,0.74,light rain,2021-12-19 21:16:46
203,Ahipara,NZ,-35.1667,173.1667,67.17,61,1,3.58,clear sky,2021-12-19 21:16:46
204,Lagoa,PT,39.05,-27.9833,60.08,67,41,14.38,scattered clouds,2021-12-19 21:16:47
205,Bambous Virieux,MU,-20.3428,57.7575,79.21,88,40,3.44,scattered clouds,2021-12-19 21:16:47
206,Jibuti,DJ,11.5,42.5,74.62,73,39,15.21,scattered clouds,2021-12-19 21:16:18
207,Cabo San Lucas,MX,22.8909,-109.9124,78.1,66,40,4.0,scattered clouds,2021-12-19 21:12:24
208,Tuatapere,NZ,-46.1333,167.6833,72.82,54,67,10.0,broken clouds,2021-12-19 21:16:48
209,Tulagi,SB,-9.0996,160.1476,82.33,73,98,2.37,overcast clouds,2021-12-19 21:16:48
210,Ilulissat,GL,69.2167,-51.1,35.62,41,100,12.66,overcast clouds,2021-12-19 21:16:48
211,Margate,GB,51.3813,1.3862,44.31,95,100,5.01,overcast clouds,2021-12-19 21:16:49
212,Provideniya,RU,64.3833,-173.3,33.91,100,90,22.37,mist,2021-12-19 21:16:49
213,Nanortalik,GL,60.1432,-45.2371,41.09,66,100,28.97,overcast clouds,2021-12-19 21:16:50
214,Qaanaaq,GL,77.484,-69.3632,14.65,71,68,8.16,broken clouds,2021-12-19 21:16:50
215,Krasnoselkup,RU,65.7,82.4667,-39.8,96,14,4.45,few clouds,2021-12-19 21:16:50
216,Ituango,CO,7.1712,-75.764,67.66,97,100,2.19,overcast clouds,2021-12-19 21:16:51
217,Lensk,RU,60.7253,114.9278,-35.21,96,100,5.12,overcast clouds,2021-12-19 21:16:51
218,Sola,VU,-13.8833,167.55,83.07,89,75,2.3,broken clouds,2021-12-19 21:16:52
219,La Ronge,CA,55.1001,-105.2842,-5.55,71,90,12.66,light snow,2021-12-19 21:16:52
220,Sandwick,GB,60.0,-1.25,39.02,75,90,4.61,overcast clouds,2021-12-19 21:16:52
221,Yulara,AU,-25.2406,130.9889,73.24,35,0,10.36,clear sky,2021-12-19 21:16:53
222,Hazorasp,UZ,41.3194,61.0742,31.84,84,0,5.26,clear sky,2021-12-19 21:16:53
223,Pundaguitan,PH,6.3711,126.1689,81.61,76,65,12.17,broken clouds,2021-12-19 21:16:53
224,Vallenar,CL,-28.5708,-70.7581,80.24,39,99,8.79,overcast clouds,2021-12-19 21:16:53
225,Lodja,CD,-3.4833,23.4333,69.84,97,99,2.04,overcast clouds,2021-12-19 21:16:54
226,Awjilah,LY,29.1081,21.2869,49.33,64,5,10.56,clear sky,2021-12-19 21:16:54
227,Esperance,AU,-33.8667,121.9,58.77,68,0,1.3,clear sky,2021-12-19 21:16:54
228,San Matias,BO,-16.3667,-58.4,81.9,85,99,4.29,light rain,2021-12-19 21:16:55
229,Acapulco,MX,16.8634,-99.8901,85.82,58,75,8.05,broken clouds,2021-12-19 21:16:55
230,Panzhihua,CN,26.5851,101.7128,47.26,91,1,1.41,clear sky,2021-12-19 21:16:55
231,Taiyuan,CN,37.8694,112.5603,21.06,63,0,2.24,clear sky,2021-12-19 21:16:56
232,Bengkulu,ID,-3.8004,102.2655,74.93,95,100,9.24,overcast clouds,2021-12-19 21:16:56
233,Aojiang,CN,22.9421,116.0359,63.01,66,100,14.34,light rain,2021-12-19 21:16:56
234,Santa Barbara,US,34.7333,-120.0343,59.99,45,1,0.0,clear sky,2021-12-19 21:16:57
235,Saint George,US,37.1041,-113.5841,56.53,35,1,3.0,clear sky,2021-12-19 21:16:57
236,Vavoua,CI,7.3819,-6.4778,78.28,40,27,2.51,scattered clouds,2021-12-19 21:16:57
237,Pochutla,MX,15.7432,-96.4661,87.62,50,77,7.4,broken clouds,2021-12-19 21:16:58
238,Mareeba,AU,-17.0,145.4333,75.92,84,76,1.45,broken clouds,2021-12-19 21:16:58
239,Gunjur,GM,13.2019,-16.7339,80.67,44,98,10.36,overcast clouds,2021-12-19 21:16:58
240,Vardo,NO,70.3705,31.1107,26.58,80,75,17.27,light snow,2021-12-19 21:16:59
241,Nelson Bay,AU,-32.7167,152.15,79.0,82,55,4.21,broken clouds,2021-12-19 21:16:59
242,Saint-Leu,RE,-21.15,55.2833,79.66,94,90,6.4,light rain,2021-12-19 21:16:59
243,Mana,GF,5.6592,-53.7767,79.7,83,99,8.57,overcast clouds,2021-12-19 21:17:00
244,Dezhou,CN,37.4486,116.2925,36.19,46,5,6.13,clear sky,2021-12-19 21:17:00
245,Ciochina,RO,44.5833,27.0667,39.83,89,69,11.86,broken clouds,2021-12-19 21:17:00
246,Cabinda,AO,-5.55,12.2,78.46,89,68,7.07,broken clouds,2021-12-19 21:17:01
247,Beaufort,MY,5.3473,115.7455,78.96,95,100,2.89,overcast clouds,2021-12-19 21:17:01
248,Bezhta,RU,42.1338,46.1283,29.98,94,100,5.53,snow,2021-12-19 21:17:01
249,Tabora,TZ,-5.0167,32.8,66.07,93,100,1.57,light rain,2021-12-19 21:17:02
250,Belen,TR,36.4891,36.2233,44.74,100,75,4.61,light rain,2021-12-19 21:17:02
251,Iisalmi,FI,63.5592,27.1907,14.02,89,97,9.19,overcast clouds,2021-12-19 21:17:02
252,Hameenlinna,FI,60.996,24.4643,26.02,79,100,11.54,light snow,2021-12-19 21:17:03
253,Mawlaik,MM,23.6333,94.4167,58.53,92,0,1.32,clear sky,2021-12-19 21:17:03
254,Nuristan,AF,35.3,70.8333,17.8,49,34,8.55,scattered clouds,2021-12-19 21:17:03
255,Port-Cartier,CA,50.0334,-66.8654,17.74,84,100,5.84,overcast clouds,2021-12-19 21:17:03
256,Katherine,AU,-14.4667,132.2667,82.72,78,97,1.14,overcast clouds,2021-12-19 21:17:04
257,Ugoofaaru,MV,5.6667,73.0,81.32,77,100,14.97,overcast clouds,2021-12-19 21:17:04
258,Souillac,MU,-20.5167,57.5167,79.36,88,40,3.44,scattered clouds,2021-12-19 21:17:04
259,Mount Darwin,ZW,-16.7725,31.5838,68.99,77,100,7.92,overcast clouds,2021-12-19 21:17:05
260,Zabol,AF,32.25,67.25,43.45,21,100,5.84,overcast clouds,2021-12-19 21:17:05
261,Quatre Cocos,MU,-20.2078,57.7625,79.09,76,6,4.29,clear sky,2021-12-19 21:17:05
262,Sinnamary,GF,5.3833,-52.95,79.99,81,55,7.65,broken clouds,2021-12-19 21:17:06
263,Basco,PH,20.4487,121.9702,73.47,77,100,26.89,overcast clouds,2021-12-19 21:17:06
264,Saint-Ambroise,CA,48.5501,-71.3324,16.57,76,99,8.46,overcast clouds,2021-12-19 21:17:06
265,Agramonte,CU,22.6786,-81.1156,82.83,37,0,5.26,clear sky,2021-12-19 21:17:07
266,Ilheus,BR,-14.7889,-39.0494,82.22,78,75,5.75,broken clouds,2021-12-19 21:17:07
267,Flinders,AU,-34.5833,150.8552,72.18,78,88,5.37,overcast clouds,2021-12-19 21:17:07
268,Nouadhibou,MR,20.931,-17.0347,66.18,82,98,6.91,overcast clouds,2021-12-19 21:17:08
269,Westport,US,41.1415,-73.3579,38.95,61,1,1.01,clear sky,2021-12-19 21:17:08
270,Miri,MY,4.4148,114.0089,75.34,94,40,4.61,light rain,2021-12-19 21:17:08
271,Namibe,AO,-15.1961,12.1522,70.52,68,73,8.72,broken clouds,2021-12-19 21:17:09
272,Corralillo,CU,22.9819,-80.5856,80.31,67,1,10.87,clear sky,2021-12-19 21:17:09
273,Benjamin Constant,BR,-4.3831,-70.0311,84.25,70,20,4.61,few clouds,2021-12-19 21:17:09
274,Sibolga,ID,1.7427,98.7792,74.41,88,100,3.31,overcast clouds,2021-12-19 21:17:10
275,Tancitaro,MX,19.3333,-102.3667,62.62,43,99,1.83,overcast clouds,2021-12-19 21:17:10
276,Nikolskoye,RU,59.7035,30.7861,23.4,92,100,12.17,light snow,2021-12-19 21:17:10
277,Kruisfontein,ZA,-34.0033,24.7314,64.89,83,79,11.63,broken clouds,2021-12-19 21:17:11
278,Little Current,CA,45.9793,-81.9248,21.42,50,37,1.32,scattered clouds,2021-12-19 21:17:11
279,Natitingou,BJ,10.3042,1.3796,73.45,19,7,9.62,clear sky,2021-12-19 21:17:11
280,Wuwei,CN,37.9281,102.6414,26.6,44,33,4.38,scattered clouds,2021-12-19 21:17:12
281,Elbistan,TR,38.2059,37.1983,36.97,94,100,4.45,overcast clouds,2021-12-19 21:17:12
282,Praya,CV,14.9215,-23.5087,72.14,83,90,10.36,overcast clouds,2021-12-19 21:17:12
283,Boca Do Acre,BR,-8.7522,-67.3978,77.92,96,100,2.46,moderate rain,2021-12-19 21:17:13
284,Sao Joao Da Barra,BR,-21.6403,-41.0511,75.29,81,94,11.99,overcast clouds,2021-12-19 21:17:13
285,Alice Town,BS,25.7167,-79.3,78.12,78,0,13.47,clear sky,2021-12-19 21:17:13
286,Mahibadhoo,MV,3.7833,72.9667,82.04,77,100,17.85,overcast clouds,2021-12-19 21:17:14
287,Dzaoudzi,YT,-12.7887,45.2699,80.49,83,0,5.75,clear sky,2021-12-19 21:17:14
288,Karwar,IN,14.8,74.1333,69.73,55,2,8.41,clear sky,2021-12-19 21:17:14
289,Pangnirtung,CA,66.1451,-65.7125,14.0,79,90,0.0,light snow,2021-12-19 21:17:15
290,Snezhnogorsk,RU,69.1933,33.2531,1.18,73,100,18.19,light snow,2021-12-19 21:17:15
291,Coxim,BR,-18.5067,-54.76,85.12,77,98,2.46,heavy intensity rain,2021-12-19 21:17:15
292,Alvorada,BR,-12.48,-49.1247,78.73,84,100,0.43,overcast clouds,2021-12-19 21:17:16
293,Conakry,GN,9.538,-13.6773,84.27,65,4,11.5,haze,2021-12-19 21:17:16
294,Bom Jesus,BR,-9.0744,-44.3586,77.79,83,92,5.79,overcast clouds,2021-12-19 21:17:16
295,Shubarshi,KZ,48.5872,57.1869,30.99,77,100,12.73,overcast clouds,2021-12-19 21:17:17
296,Sokoto,NG,13.0609,5.239,68.58,22,56,10.83,broken clouds,2021-12-19 21:17:17
297,Piacabucu,BR,-10.4056,-36.4344,80.26,77,100,13.0,overcast clouds,2021-12-19 21:17:17
298,Harrisburg,US,40.2737,-76.8844,39.74,56,1,8.01,clear sky,2021-12-19 21:12:47
299,Narsaq,GL,60.9167,-46.05,39.88,46,100,26.51,overcast clouds,2021-12-19 21:17:18
300,Kaniama,CD,-7.5667,24.1833,66.49,95,74,0.96,broken clouds,2021-12-19 21:17:18
301,Mari-Turek,RU,56.7895,49.6235,19.31,95,100,8.43,overcast clouds,2021-12-19 21:17:18
302,Nokaneng,BW,-19.6667,22.2667,73.69,65,98,5.59,overcast clouds,2021-12-19 21:17:19
303,Bairiki,KI,1.3292,172.9752,84.2,74,40,13.8,scattered clouds,2021-12-19 21:17:19
304,Caravelas,BR,-17.7125,-39.2481,73.22,94,100,6.04,overcast clouds,2021-12-19 21:17:19
305,Bethel,US,41.3712,-73.414,36.48,62,1,1.99,clear sky,2021-12-19 21:17:20
306,Mount Gambier,AU,-37.8333,140.7667,59.04,66,96,12.33,overcast clouds,2021-12-19 21:17:20
307,Kamaishi,JP,39.2667,141.8833,34.39,73,45,7.45,scattered clouds,2021-12-19 21:17:21
308,Havre-Saint-Pierre,CA,50.2334,-63.5986,19.4,73,20,11.5,few clouds,2021-12-19 21:17:21
309,Goya,AR,-29.14,-59.2626,102.49,18,72,4.14,broken clouds,2021-12-19 21:17:21
310,Fuyu,CN,45.1833,124.8167,15.46,88,100,9.6,overcast clouds,2021-12-19 21:17:21
311,Ilebo,CD,-4.3167,20.5833,73.83,95,100,1.36,moderate rain,2021-12-19 21:17:22
312,Dingle,PH,10.9995,122.6711,75.04,92,30,6.85,scattered clouds,2021-12-19 21:17:22
313,Lebu,CL,-37.6167,-73.65,61.39,80,14,16.17,few clouds,2021-12-19 21:17:22
314,Tazmalt,DZ,36.3868,4.3989,50.77,65,28,4.63,scattered clouds,2021-12-19 21:17:23
315,Zverinogolovskoye,RU,54.4586,64.8542,22.26,95,100,11.25,overcast clouds,2021-12-19 21:17:23
316,Aljezur,PT,37.3191,-8.8033,59.9,86,100,14.74,overcast clouds,2021-12-19 21:17:23
317,Fairbanks,US,64.8378,-147.7164,17.6,87,90,3.44,snow,2021-12-19 21:13:21
318,Zyryanka,RU,65.75,150.85,-43.58,100,97,8.3,overcast clouds,2021-12-19 21:17:24
319,Henties Bay,NA,-22.116,14.2845,63.86,84,40,4.79,scattered clouds,2021-12-19 21:17:24
320,Maridi,SS,4.9158,29.4742,75.63,43,48,3.42,scattered clouds,2021-12-19 21:17:25
321,Buala,SB,-8.145,159.5921,81.86,81,92,5.97,light rain,2021-12-19 21:17:25
322,Mayumba,GA,-3.432,10.6554,77.99,91,80,3.96,broken clouds,2021-12-19 21:17:25
323,Mlandizi,TZ,-6.7,38.7333,75.22,96,37,2.21,scattered clouds,2021-12-19 21:17:26
324,Paamiut,GL,61.994,-49.6678,44.4,40,100,29.35,overcast clouds,2021-12-19 21:17:26
325,Murygino,RU,58.7383,49.4582,14.23,97,99,5.84,overcast clouds,2021-12-19 21:17:26
326,Samarai,PG,-10.6167,150.6667,81.5,76,100,7.85,overcast clouds,2021-12-19 21:17:27
327,San Ramon,US,37.7799,-121.978,55.38,79,90,3.44,mist,2021-12-19 21:15:40
328,Weyburn,CA,49.6668,-103.8511,7.02,72,98,20.71,overcast clouds,2021-12-19 21:17:27
329,Lompoc,US,34.6391,-120.4579,65.7,74,1,13.8,clear sky,2021-12-19 21:17:27
330,Chengde,CN,40.9725,117.9361,24.28,53,0,3.44,clear sky,2021-12-19 21:17:28
331,Te Anau,NZ,-45.4167,167.7167,64.56,64,62,12.75,broken clouds,2021-12-19 21:17:28
332,Smithers,CA,54.7804,-127.1743,-0.08,85,75,6.91,broken clouds,2021-12-19 21:17:28
333,Santa Maria,BR,-29.6842,-53.8069,92.89,37,0,9.66,clear sky,2021-12-19 21:17:29
334,Mitu,CO,1.1983,-70.1733,81.37,91,100,2.48,overcast clouds,2021-12-19 21:16:07
335,Tilichiki,RU,60.4667,166.1,-19.61,98,64,6.35,broken clouds,2021-12-19 21:17:29
336,Praia Da Vitoria,PT,38.7333,-27.0667,56.75,84,75,10.36,broken clouds,2021-12-19 21:12:59
337,Sardarshahr,IN,28.4333,74.4833,52.52,15,43,2.06,scattered clouds,2021-12-19 21:17:30
338,Sorland,NO,67.667,12.6934,33.87,58,100,26.17,light rain,2021-12-19 21:17:30
339,Benguela,AO,-12.5763,13.4055,75.96,79,86,5.59,overcast clouds,2021-12-19 21:17:31
340,Hami,CN,42.8,93.45,23.13,51,8,1.12,clear sky,2021-12-19 21:17:31
341,Bontang,ID,0.1333,117.5,76.8,86,100,4.34,overcast clouds,2021-12-19 21:17:31
342,Almaznyy,RU,48.0448,40.045,37.54,96,100,25.3,light rain,2021-12-19 21:17:32
343,Coahuayana,MX,18.7333,-103.6833,81.88,49,100,5.64,overcast clouds,2021-12-19 21:17:32
344,Waddan,LY,29.1614,16.139,47.79,55,2,6.11,clear sky,2021-12-19 21:17:32
345,Sulina,RO,45.1559,29.6536,38.43,77,100,6.93,overcast clouds,2021-12-19 21:17:32
346,Cabedelo,BR,-6.9811,-34.8339,81.27,73,86,10.69,overcast clouds,2021-12-19 21:17:33
347,Pingzhuang,CN,42.0372,119.2889,31.26,41,0,17.49,clear sky,2021-12-19 21:17:33
348,Broken Hill,AU,-31.95,141.4333,58.68,41,65,18.99,broken clouds,2021-12-19 21:17:33
349,Boende,CD,-0.2167,20.8667,78.84,74,97,1.99,overcast clouds,2021-12-19 21:17:34
350,Saint Anthony,US,45.0205,-93.218,29.12,77,40,4.0,scattered clouds,2021-12-19 21:17:34
351,Bilma,NE,18.6853,12.9164,61.02,26,0,11.7,clear sky,2021-12-19 21:17:34
352,Tazovskiy,RU,67.4667,78.7,-40.14,99,56,5.35,broken clouds,2021-12-19 21:17:35
353,Ahuimanu,US,21.4447,-157.8378,80.31,75,75,14.97,light rain,2021-12-19 21:17:35
354,Floro,NO,61.5996,5.0328,38.97,87,40,6.91,scattered clouds,2021-12-19 21:17:35
355,Sampit,ID,-2.5333,112.95,74.39,98,100,2.15,overcast clouds,2021-12-19 21:17:36
356,Secaucus,US,40.7967,-74.0553,39.02,54,1,8.99,clear sky,2021-12-19 21:17:36
357,High Rock,BS,26.6208,-78.2833,78.82,76,0,14.16,clear sky,2021-12-19 21:17:36
358,Nizhniy Kuranakh,RU,58.8353,125.4869,-23.78,97,100,2.24,overcast clouds,2021-12-19 21:17:37
359,Christchurch,NZ,-43.5333,172.6333,78.33,39,72,1.99,broken clouds,2021-12-19 21:15:00
360,San Patricio,US,28.017,-97.5169,55.29,45,100,11.34,light rain,2021-12-19 21:17:37
361,Baykit,RU,61.67,96.37,-32.51,97,18,2.24,few clouds,2021-12-19 21:17:37
362,Zelenoborsk,RU,61.4669,64.0333,1.51,95,100,10.25,light snow,2021-12-19 21:17:38
363,Togur,RU,58.3631,82.8265,-12.12,89,100,9.73,overcast clouds,2021-12-19 21:17:38
364,Bonavista,CA,48.6499,-53.1147,23.11,70,100,22.68,overcast clouds,2021-12-19 21:17:39
365,Bismarck,US,46.8083,-100.7837,44.2,66,90,4.0,overcast clouds,2021-12-19 21:17:39
366,Amahai,ID,-3.3333,128.9167,78.96,83,100,4.81,overcast clouds,2021-12-19 21:17:39
367,Agadir,MA,30.4202,-9.5982,61.25,54,1,4.21,clear sky,2021-12-19 21:17:40
368,Babu,CN,24.4167,111.5167,57.63,39,100,3.15,overcast clouds,2021-12-19 21:17:40
369,Oranjestad,AW,12.524,-70.027,84.15,73,40,8.01,scattered clouds,2021-12-19 21:17:40
370,Himensulan,PH,10.5967,124.2821,80.74,78,94,8.68,overcast clouds,2021-12-19 21:17:41
371,Gamba,GA,-2.65,10.0,78.12,90,100,3.69,overcast clouds,2021-12-19 21:17:41
372,Batemans Bay,AU,-35.7167,150.1833,69.98,77,98,6.04,overcast clouds,2021-12-19 21:17:41
373,Puerto Leguizamo,CO,-0.1934,-74.7819,84.97,67,98,2.46,overcast clouds,2021-12-19 21:17:41
374,Filadelfia,US,39.9523,-75.1638,39.22,56,75,8.01,broken clouds,2021-12-19 21:12:44
375,Griffin,US,33.2468,-84.2641,60.26,66,1,9.22,clear sky,2021-12-19 21:13:54
376,Funadhoo,MV,6.15,73.2667,81.12,79,100,12.8,overcast clouds,2021-12-19 21:17:42
377,Longjiang,CN,47.3303,123.1836,15.66,93,100,6.42,overcast clouds,2021-12-19 21:17:42
378,Lander,US,42.833,-108.7307,39.06,44,1,3.44,clear sky,2021-12-19 21:17:43
379,Maceio,BR,-9.6658,-35.7353,81.84,78,20,13.8,few clouds,2021-12-19 21:17:43
380,Hailar,CN,49.2,119.7,13.75,84,99,16.98,overcast clouds,2021-12-19 21:17:43
381,Berlevag,NO,70.8578,29.0864,28.35,64,75,11.5,light snow,2021-12-19 21:17:44
382,Dera Bugti,PK,29.0307,69.151,53.89,14,0,3.76,clear sky,2021-12-19 21:17:44
383,Ibra,OM,22.6906,58.5334,61.86,68,34,0.85,scattered clouds,2021-12-19 21:17:44
384,Mae Hong Son,TH,19.3003,97.9685,62.56,93,19,2.08,few clouds,2021-12-19 21:17:45
385,Puerto Carreno,CO,6.189,-67.4859,90.01,49,81,14.58,broken clouds,2021-12-19 21:17:45
386,Nome,US,64.5011,-165.4064,33.87,100,90,19.57,mist,2021-12-19 21:12:56
387,Chlorakas,CY,34.8042,32.4083,51.03,90,100,16.98,overcast clouds,2021-12-19 21:17:45
388,Ostrovnoy,RU,68.0531,39.5131,19.18,89,100,11.12,snow,2021-12-19 21:17:46
389,Posse,BR,-14.0931,-46.3694,72.9,88,54,3.47,broken clouds,2021-12-19 21:17:46
390,Muros,ES,42.7762,-9.0603,54.1,92,40,8.1,scattered clouds,2021-12-19 21:17:46
391,Talnakh,RU,69.4865,88.3972,-33.5,95,55,2.93,broken clouds,2021-12-19 21:17:47
392,Prince Rupert,CA,54.3161,-130.3201,33.49,76,1,6.91,clear sky,2021-12-19 21:17:47
393,Toba,JP,34.4833,136.85,44.6,67,9,19.91,clear sky,2021-12-19 21:17:47
394,Meulaboh,ID,4.1363,96.1285,75.81,89,98,8.9,light rain,2021-12-19 21:17:48
395,Alta Floresta,BR,-9.8756,-56.0861,78.12,92,100,0.76,overcast clouds,2021-12-19 21:17:48
396,Half Moon Bay,US,37.4636,-122.4286,56.88,78,90,3.0,overcast clouds,2021-12-19 21:13:45
397,Liliani,PK,32.2065,72.9537,49.01,16,84,2.1,broken clouds,2021-12-19 21:17:48
398,Uvalde,US,29.3669,-99.767,51.19,70,90,0.0,overcast clouds,2021-12-19 21:17:49
399,Narkevychi,UA,49.5172,26.6418,33.24,82,99,16.53,overcast clouds,2021-12-19 21:17:49
400,Bullhead City,US,35.1478,-114.5683,65.46,27,1,18.41,clear sky,2021-12-19 21:13:04
401,Yumen,CN,40.2833,97.2,25.92,23,0,15.55,clear sky,2021-12-19 21:17:49
402,Benjamin Aceval,PY,-24.9667,-57.5667,98.74,23,60,8.03,broken clouds,2021-12-19 21:17:50
403,Jiexiu,CN,37.0244,111.9125,34.86,34,30,7.56,scattered clouds,2021-12-19 21:17:50
404,Buta,CD,2.7858,24.73,75.47,73,99,1.99,overcast clouds,2021-12-19 21:17:50
405,Grindavik,IS,63.8424,-22.4338,43.27,100,75,11.5,broken clouds,2021-12-19 21:17:51
406,Adjumani,UG,3.3779,31.7909,74.14,66,96,4.18,light rain,2021-12-19 21:17:51
407,Puerto Baquerizo Moreno,EC,-0.9,-89.6,70.79,88,75,10.36,light rain,2021-12-19 21:15:14
408,Houma,US,29.5958,-90.7195,53.6,87,90,14.97,overcast clouds,2021-12-19 21:14:50
409,North Bend,US,43.4065,-124.2243,53.24,100,90,8.05,overcast clouds,2021-12-19 21:17:51
410,Bowen,AU,-20.0167,148.2333,80.51,66,15,9.22,few clouds,2021-12-19 21:17:52
411,Rorvik,NO,64.8621,11.2373,41.11,81,40,13.8,scattered clouds,2021-12-19 21:17:52
412,Waipawa,NZ,-41.4122,175.5153,64.45,58,2,20.47,clear sky,2021-12-19 21:17:53
413,Norman Wells,CA,65.282,-126.8329,1.44,78,90,3.44,light snow,2021-12-19 21:17:53
414,Lima,PE,-12.0432,-77.0282,68.25,68,40,11.5,scattered clouds,2021-12-19 21:15:57
415,Challapata,BO,-18.9,-66.7667,49.62,83,99,3.71,moderate rain,2021-12-19 21:17:54
416,Madang,PG,-5.2246,145.7966,76.19,91,100,4.34,overcast clouds,2021-12-19 21:17:54
417,Dingzhou,CN,38.5131,114.9956,28.51,42,63,7.29,broken clouds,2021-12-19 21:17:54
418,Ondangwa,NA,-17.9167,15.95,80.6,34,5,2.3,clear sky,2021-12-19 21:17:54
419,Geraldton,AU,-28.7667,114.6,55.81,88,0,4.61,clear sky,2021-12-19 21:17:55
420,Obo,CF,5.3998,26.4869,80.65,35,91,4.85,overcast clouds,2021-12-19 21:17:55
421,Ukiah,US,39.1502,-123.2078,51.37,70,1,12.66,clear sky,2021-12-19 21:17:56
422,Lieto,FI,60.5103,22.4618,28.96,70,90,12.66,light shower snow,2021-12-19 21:17:56
423,Haverfordwest,GB,51.8017,-4.9691,43.56,85,7,6.35,clear sky,2021-12-19 21:17:56
424,Odessa,UA,46.4775,30.7326,39.13,87,40,11.18,scattered clouds,2021-12-19 21:17:56
425,San Nicolas,PH,18.1725,120.5953,78.94,82,100,5.44,overcast clouds,2021-12-19 21:17:57
426,Santiago,CL,-33.4569,-70.6483,92.28,23,0,10.36,clear sky,2021-12-19 21:15:29
427,Mount Isa,AU,-20.7333,139.5,74.97,78,15,0.0,few clouds,2021-12-19 21:17:57
428,Hay River,CA,60.8156,-115.7999,-4.02,77,75,10.36,broken clouds,2021-12-19 21:17:58
429,Ussel,FR,45.55,2.3167,34.16,77,1,2.19,clear sky,2021-12-19 21:18:00
430,Talant,FR,47.3369,5.0089,35.42,93,90,9.22,overcast clouds,2021-12-19 21:18:00
431,Turukhansk,RU,65.8167,87.9833,-36.33,95,11,3.0,few clouds,2021-12-19 21:18:01
432,Aykhal,RU,66.0,111.5,-31.59,99,96,8.75,overcast clouds,2021-12-19 21:18:01
433,Saint-Joseph,RE,-21.3667,55.6167,79.18,82,96,5.93,light rain,2021-12-19 21:18:01
434,Irricana,CA,51.3237,-113.6048,17.38,82,100,10.69,overcast clouds,2021-12-19 21:18:02
435,Bolitoc,PH,15.7395,119.8769,77.36,85,100,2.84,overcast clouds,2021-12-19 21:18:02
436,Boa Vista,BR,2.8197,-60.6733,87.78,55,40,6.91,scattered clouds,2021-12-19 21:18:02
437,Port Hedland,AU,-20.3167,118.5667,84.25,51,40,0.0,scattered clouds,2021-12-19 21:18:03
438,Igrim,RU,63.1906,64.4162,-2.85,97,100,11.36,light snow,2021-12-19 21:18:03
439,Thessalon,CA,46.2501,-83.5666,25.09,68,70,8.19,broken clouds,2021-12-19 21:18:03
440,Vanderhoof,CA,54.0166,-124.0198,11.26,80,19,3.58,few clouds,2021-12-19 21:18:04
441,Gratkorn,AT,47.1497,15.3655,34.3,71,0,3.44,clear sky,2021-12-19 21:18:04
442,Qasigiannguit,GL,68.8193,-51.1922,35.85,68,100,11.61,overcast clouds,2021-12-19 21:18:04
443,Lesnoy,RU,57.6198,63.0784,21.51,96,100,6.08,light snow,2021-12-19 21:18:05
444,Imbituba,BR,-28.24,-48.6703,75.81,71,0,16.8,clear sky,2021-12-19 21:18:05
445,Kodinsk,RU,58.6881,99.1844,-37.7,100,40,0.98,scattered clouds,2021-12-19 21:18:05
446,Egvekinot,RU,66.3167,-179.1667,20.7,97,100,12.66,snow,2021-12-19 21:18:06
447,Umm Kaddadah,SD,13.6017,26.6876,63.57,25,0,11.74,clear sky,2021-12-19 21:18:06
448,Payyannur,IN,12.1,75.2,71.26,63,3,4.32,clear sky,2021-12-19 21:18:07
449,Avera,US,33.194,-82.5271,67.51,75,98,9.08,overcast clouds,2021-12-19 21:18:07
450,Yuanping,CN,38.7153,112.7575,27.63,42,23,2.19,few clouds,2021-12-19 21:18:07
451,Presidente Epitacio,BR,-21.7633,-52.1156,84.61,51,7,10.76,clear sky,2021-12-19 21:18:08
452,Manama,BH,26.2154,50.5832,73.38,72,0,9.22,clear sky,2021-12-19 21:18:08
453,Marienburg,PL,54.0359,19.0266,39.96,72,93,18.25,overcast clouds,2021-12-19 21:18:08
454,Balsthal,CH,47.3161,7.6932,31.95,92,3,1.61,clear sky,2021-12-19 21:18:09
455,Adrar,MR,20.5022,-10.0711,72.5,30,100,15.17,overcast clouds,2021-12-19 21:18:09
456,Energetik,RU,51.7445,58.7934,22.62,88,55,12.15,broken clouds,2021-12-19 21:18:09
457,Nuevo Imperial,PE,-13.0754,-76.3172,72.84,68,72,7.83,broken clouds,2021-12-19 21:18:10
458,Shache,CN,38.4167,77.2406,22.15,57,30,1.25,scattered clouds,2021-12-19 21:18:10
459,Oussouye,SN,12.485,-16.5469,78.98,33,97,11.3,overcast clouds,2021-12-19 21:18:10
460,Vostok,RU,46.4856,135.8833,-6.48,97,97,4.79,overcast clouds,2021-12-19 21:18:11
461,Ancud,CL,-41.8697,-73.8203,74.23,69,48,4.23,scattered clouds,2021-12-19 21:16:32
462,Libenge,CD,3.65,18.6333,83.46,45,100,1.54,overcast clouds,2021-12-19 21:18:11
463,Santa Isabel Do Rio Negro,BR,-0.4139,-65.0192,81.09,82,99,3.29,overcast clouds,2021-12-19 21:18:11
464,Hamilton,US,39.1834,-84.5333,38.73,70,90,1.01,overcast clouds,2021-12-19 21:17:58
465,Lady Lake,US,28.9175,-81.9229,84.99,72,75,1.01,broken clouds,2021-12-19 21:13:25
466,Olafsvik,IS,64.8945,-23.7142,43.2,85,100,3.13,overcast clouds,2021-12-19 21:18:12
467,Boddam,GB,57.4667,-1.7833,40.42,76,93,8.68,overcast clouds,2021-12-19 21:18:12
468,Coolum Beach,AU,-26.5333,153.1,77.34,84,33,5.08,scattered clouds,2021-12-19 21:18:13
469,Omsukchan,RU,62.5333,155.8,-41.8,98,26,3.98,scattered clouds,2021-12-19 21:18:13
470,Yar-Sale,RU,66.8333,70.8333,-25.94,100,100,7.94,overcast clouds,2021-12-19 21:18:13
471,Lovozero,RU,68.005,35.0117,8.94,96,100,8.84,light snow,2021-12-19 21:18:14
472,Bulungu,CD,-4.55,18.6,74.12,88,100,1.61,light rain,2021-12-19 21:18:14
473,Eyl,SO,7.9803,49.8164,77.25,76,23,13.6,few clouds,2021-12-19 21:18:14
474,Ambovombe,MG,-25.1667,46.0833,68.45,77,99,12.86,overcast clouds,2021-12-19 21:18:14
475,Chizhou,CN,30.6578,117.4831,43.54,45,37,4.09,scattered clouds,2021-12-19 21:18:15
476,Betare Oya,CM,5.6,14.0833,76.53,33,11,5.5,few clouds,2021-12-19 21:18:15
477,Vanavara,RU,60.34,102.2797,-44.12,99,46,2.04,scattered clouds,2021-12-19 21:18:15
478,Necochea,AR,-38.5473,-58.7368,75.04,59,0,11.77,clear sky,2021-12-19 21:14:40
479,Lasa,IT,46.6166,10.7002,38.28,55,2,6.85,clear sky,2021-12-19 21:18:16
480,Puerto Del Rosario,ES,28.5004,-13.8627,65.88,88,20,6.91,few clouds,2021-12-19 21:18:16
481,Saint-Pierre,RE,-21.3393,55.4781,80.28,74,90,3.44,light rain,2021-12-19 21:18:16
482,Vao,NC,-22.6667,167.4833,76.73,85,100,12.12,light rain,2021-12-19 21:18:17
483,Grimshaw,CA,56.1834,-117.6027,10.02,78,40,5.75,scattered clouds,2021-12-19 21:18:17
484,Vila Velha,BR,-20.3297,-40.2925,71.94,86,90,3.0,overcast clouds,2021-12-19 21:14:41
485,Manggar,ID,-2.8833,108.2667,77.81,85,100,5.19,overcast clouds,2021-12-19 21:18:17
486,Aksarka,RU,66.5606,67.7975,-30.77,99,91,5.86,overcast clouds,2021-12-19 21:18:18
487,Oranjemund,NA,-28.55,16.4333,62.35,89,0,4.63,clear sky,2021-12-19 21:18:18
488,Nuuk,GL,64.1835,-51.7216,47.01,42,75,21.85,broken clouds,2021-12-19 21:18:18
489,Iskitim,RU,54.6366,83.3045,21.02,93,100,9.24,overcast clouds,2021-12-19 21:18:19
490,Shubarkuduk,KZ,49.1447,56.4872,29.05,84,100,10.85,overcast clouds,2021-12-19 21:18:19
491,Belyy Yar,RU,53.6039,91.3903,14.86,81,40,4.47,scattered clouds,2021-12-19 21:18:19
492,Palmer,US,42.1584,-72.3287,31.91,66,75,3.0,broken clouds,2021-12-19 21:18:20
493,Guantanamo,CU,20.1444,-75.2092,85.57,50,7,9.06,clear sky,2021-12-19 21:18:20
494,Ginda,IN,30.6945,78.4932,37.87,20,1,8.25,clear sky,2021-12-19 21:18:20
495,Zhigansk,RU,66.7697,123.3711,-36.63,92,100,1.79,overcast clouds,2021-12-19 21:18:21
496,Port Keats,AU,-14.25,129.55,83.43,82,100,8.08,overcast clouds,2021-12-19 21:18:21
497,Antofagasta,CL,-23.65,-70.4,65.48,74,99,9.08,overcast clouds,2021-12-19 21:18:21
498,Guerrero Negro,MX,27.9769,-114.0611,66.92,27,0,5.46,clear sky,2021-12-19 21:18:21
499,Roald,NO,62.5833,6.1333,42.33,81,40,13.8,scattered clouds,2021-12-19 21:18:22
500,Hervey Bay,AU,-25.2986,152.8535,77.11,72,20,3.76,few clouds,2021-12-19 21:18:22
501,Lope De Vega,PH,12.2983,124.6238,74.07,98,34,2.75,scattered clouds,2021-12-19 21:18:22
502,Lethem,GY,3.3803,-59.7968,87.91,53,100,8.88,overcast clouds,2021-12-19 21:18:23
503,Yuli,NG,9.6989,10.2744,72.16,32,13,7.49,few clouds,2021-12-19 21:18:23
504,Atherton,GB,53.5237,-2.4935,42.22,97,89,7.96,overcast clouds,2021-12-19 21:15:19
505,Belmonte,BR,-15.8631,-38.8828,79.3,81,98,6.73,overcast clouds,2021-12-19 21:18:24
506,Turbat,PK,26.0023,63.044,65.23,76,99,2.15,overcast clouds,2021-12-19 21:18:24
507,Brandfort,ZA,-28.7001,26.4597,58.41,79,92,7.34,overcast clouds,2021-12-19 21:18:24
508,Araouane,ML,18.9048,-3.5265,72.64,16,89,9.86,overcast clouds,2021-12-19 21:18:24
509,Paulo Afonso,BR,-9.4061,-38.2147,82.6,55,99,9.62,overcast clouds,2021-12-19 21:18:25
510,Noumea,NC,-22.2763,166.4572,80.01,99,82,8.84,broken clouds,2021-12-19 21:13:46
511,Praxedis Guerrero,MX,31.3667,-106.0167,54.28,38,10,2.66,clear sky,2021-12-19 21:18:25
512,Tukrah,LY,32.5341,20.5791,53.31,54,74,17.74,broken clouds,2021-12-19 21:18:26
513,Vysokogornyy,RU,50.1167,139.15,-11.63,100,98,2.21,overcast clouds,2021-12-19 21:18:26
514,Baculin,PH,7.4525,126.5842,77.13,85,62,6.98,broken clouds,2021-12-19 21:18:26
515,Bubaque,GW,11.2833,-15.8333,81.1,71,38,14.5,scattered clouds,2021-12-19 21:18:13
516,Rozkishne,UA,48.5074,39.3004,34.5,96,100,22.21,snow,2021-12-19 21:18:27
517,Enshi,CN,30.3,109.4833,43.88,88,75,0.72,broken clouds,2021-12-19 21:18:27
518,Dilla,ET,6.41,38.31,62.19,90,62,4.52,light rain,2021-12-19 21:18:27
519,Makakilo City,US,21.3469,-158.0858,79.12,73,40,8.05,scattered clouds,2021-12-19 21:18:28
520,Severnoye,RU,56.3491,78.3619,8.64,95,100,11.77,light snow,2021-12-19 21:18:28
521,Yelizovo,RU,53.1873,158.3805,8.74,72,75,8.95,light shower snow,2021-12-19 21:18:28
522,Verkhoyansk,RU,67.5447,133.385,-39.21,100,95,2.13,overcast clouds,2021-12-19 21:18:29
523,Ambilobe,MG,-13.2,49.05,78.12,88,94,1.86,overcast clouds,2021-12-19 21:18:29
524,Mangai,CD,-4.05,19.5333,77.11,80,100,0.13,overcast clouds,2021-12-19 21:18:29
525,Makat,KZ,47.6469,53.3463,35.53,62,95,10.31,overcast clouds,2021-12-19 21:18:29
526,Ampanihy,MG,-24.7,44.75,65.34,70,100,11.34,overcast clouds,2021-12-19 21:18:30
527,Gladstone,AU,-23.85,151.25,79.79,78,40,5.75,light rain,2021-12-19 21:15:32
528,Richards Bay,ZA,-28.783,32.0377,68.09,77,88,7.34,overcast clouds,2021-12-19 21:18:30
529,Hutchinson,US,38.0608,-97.9298,42.04,31,1,5.99,clear sky,2021-12-19 21:16:15
530,Kieta,PG,-6.2167,155.6333,81.34,81,42,0.25,light rain,2021-12-19 21:18:31
531,Grenada,ES,37.1882,-3.6067,51.19,85,0,1.01,clear sky,2021-12-19 21:14:45
532,Maragheh,IR,37.3917,46.2398,34.07,75,0,4.61,clear sky,2021-12-19 21:18:31
533,Vyazemskiy,RU,47.5378,134.7525,-1.5,93,100,4.25,overcast clouds,2021-12-19 21:18:31
534,Sao Raimundo Das Mangabeiras,BR,-7.0219,-45.4811,74.52,95,100,2.53,light rain,2021-12-19 21:18:32
535,Beringovskiy,RU,63.05,179.3167,8.22,97,16,11.01,few clouds,2021-12-19 21:18:32
536,Moron,AR,-34.6534,-58.6198,93.02,40,0,4.0,clear sky,2021-12-19 21:18:32
537,West Bay,KY,19.3667,-81.4167,86.07,72,20,1.01,few clouds,2021-12-19 21:18:33
538,Port Blair,IN,11.6667,92.75,79.0,77,91,7.76,overcast clouds,2021-12-19 21:13:47
539,Granadilla De Abona,ES,28.1188,-16.576,66.85,85,20,8.05,few clouds,2021-12-19 21:18:33
540,Mehamn,NO,71.0357,27.8492,28.58,93,75,9.22,light snow,2021-12-19 21:18:33
541,Nemuro,JP,43.3236,145.575,28.8,47,62,1.16,broken clouds,2021-12-19 21:18:34
542,Atar,MR,20.5169,-13.0499,73.44,41,100,11.83,overcast clouds,2021-12-19 21:18:34
543,Pelym,RU,61.0108,61.9978,3.25,96,100,7.94,light snow,2021-12-19 21:18:34
544,Estelle,US,29.8458,-90.1067,53.6,82,90,10.36,overcast clouds,2021-12-19 21:18:35
545,Bitung,ID,1.4451,125.1824,74.25,84,100,7.47,overcast clouds,2021-12-19 21:18:35
546,Balclutha,NZ,-46.2339,169.75,67.41,46,100,6.55,overcast clouds,2021-12-19 21:18:36
547,Kyabe,TD,9.4515,18.9449,79.25,24,2,4.74,clear sky,2021-12-19 21:18:36
548,Gazanjyk,TM,39.2446,55.5154,51.48,63,0,3.22,clear sky,2021-12-19 21:18:36
549,Pimentel,PE,-6.8367,-79.9342,75.49,57,75,23.02,broken clouds,2021-12-19 21:18:37
550,Haines Junction,CA,60.7522,-137.5108,-16.65,76,92,1.14,overcast clouds,2021-12-19 21:18:37
551,Obihiro,JP,42.9172,143.2044,17.56,85,77,2.73,broken clouds,2021-12-19 21:18:37
552,Baykalsk,RU,51.5058,104.1469,12.04,89,100,9.37,light snow,2021-12-19 21:18:37
553,Rincon,US,32.296,-81.2354,71.56,83,90,8.05,overcast clouds,2021-12-19 21:17:38
554,Innisfail,AU,-17.5333,146.0333,80.1,68,90,2.98,overcast clouds,2021-12-19 21:18:38
555,Cockburn Town,TC,21.4612,-71.1419,79.07,73,59,16.89,broken clouds,2021-12-19 21:18:38
556,Ixtapa,MX,20.7,-105.2,78.22,73,90,4.61,overcast clouds,2021-12-19 21:18:39
557,Jurm,AF,36.8648,70.8342,36.21,61,90,4.74,overcast clouds,2021-12-19 21:18:39
558,Shaoguan,CN,24.8,113.5833,55.44,32,100,1.14,overcast clouds,2021-12-19 21:18:39
559,Staryy Nadym,RU,65.6118,72.6842,-30.84,96,55,10.02,broken clouds,2021-12-19 21:18:40
560,Eha Amufu,NG,6.6592,7.7596,77.23,29,17,4.38,few clouds,2021-12-19 21:18:40
561,Nchelenge,ZM,-9.3451,28.734,69.85,82,68,1.68,broken clouds,2021-12-19 21:18:40
562,Sam Roi Yot,TH,12.2708,99.872,67.35,74,39,6.69,scattered clouds,2021-12-19 21:18:40
563,Gahanna,US,40.0192,-82.8793,36.3,75,90,5.75,overcast clouds,2021-12-19 21:18:41
564,Khash,IR,28.2211,61.2158,49.6,68,58,3.09,broken clouds,2021-12-19 21:18:41
565,Riohacha,CO,11.5444,-72.9072,85.82,57,71,15.12,broken clouds,2021-12-19 21:18:41
566,Tuy Hoa,VN,13.0833,109.3,70.47,85,100,3.78,overcast clouds,2021-12-19 21:18:42
567,Fort Saint James,CA,54.4333,-124.25,11.05,75,24,2.55,few clouds,2021-12-19 21:18:42
568,Khandyga,RU,62.6667,135.6,-36.13,93,100,2.57,overcast clouds,2021-12-19 21:18:42
569,Hobyo,SO,5.3505,48.5268,79.83,74,100,17.72,overcast clouds,2021-12-19 21:18:43
570,Las Palmas,ES,28.4204,-14.0131,61.59,88,20,6.91,few clouds,2021-12-19 21:18:43
571,Yanam,IN,16.7333,82.2167,66.42,80,0,3.27,light rain,2021-12-19 21:18:43
572,Morgan City,US,29.6994,-91.2068,53.6,87,90,13.8,overcast clouds,2021-12-19 21:18:44
573,Antigonish,CA,45.6169,-61.9986,30.04,84,100,9.8,overcast clouds,2021-12-19 21:15:20
574,Aracuai,BR,-16.8497,-42.0703,73.99,93,57,4.18,broken clouds,2021-12-19 21:18:44
575,Idah,NG,7.1065,6.7342,79.09,29,29,3.47,scattered clouds,2021-12-19 21:18:44
576,Nautla,MX,20.2167,-96.7833,68.23,90,100,17.52,overcast clouds,2021-12-19 21:18:45
577,Straumen,NO,63.8709,11.2999,40.5,92,78,13.0,light rain,2021-12-19 21:18:45
578,Klyuchi,RU,52.2667,79.1667,32.99,98,100,13.33,overcast clouds,2021-12-19 21:18:45
579,Vanimo,PG,-2.6741,141.3028,77.02,91,100,5.91,moderate rain,2021-12-19 21:18:46
580,Okato,NZ,-39.2,173.8833,64.42,71,36,9.53,scattered clouds,2021-12-19 21:18:46
581,Kendari,ID,-3.945,122.4989,76.68,89,92,2.48,overcast clouds,2021-12-19 21:18:46
582,Loukhi,RU,66.0764,33.0381,-6.38,100,99,5.26,overcast clouds,2021-12-19 21:18:47
583,Weihai,CN,37.5017,122.1136,40.14,52,83,8.23,broken clouds,2021-12-19 21:18:47
584,Shizunai,JP,42.3339,142.3669,31.87,56,63,9.89,broken clouds,2021-12-19 21:18:47
585,Comodoro Rivadavia,AR,-45.8667,-67.5,60.66,55,20,14.97,few clouds,2021-12-19 21:15:01
586,Eirunepe,BR,-6.6603,-69.8736,82.49,88,100,1.86,light rain,2021-12-19 21:18:48
587,Bo Phloi,TH,14.3236,99.5161,63.82,69,26,3.53,scattered clouds,2021-12-19 21:18:48
588,Wewak,PG,-3.5534,143.6268,78.53,88,100,6.4,light rain,2021-12-19 21:18:48
589,Varhaug,NO,58.6147,5.6457,36.48,73,3,12.12,clear sky,2021-12-19 21:18:49
590,Beian,NO,63.6559,9.5683,43.02,70,40,14.97,scattered clouds,2021-12-19 21:18:49
591,Sontra,DE,51.0667,9.9333,42.62,88,99,7.29,overcast clouds,2021-12-19 21:18:49
592,Marsh Harbour,BS,26.5412,-77.0636,78.53,73,4,12.55,clear sky,2021-12-19 21:18:50
593,Mangrol,IN,21.1167,70.1167,67.01,44,9,8.93,clear sky,2021-12-19 21:18:50
594,Jacareacanga,BR,-6.2222,-57.7528,75.56,98,100,3.09,light rain,2021-12-19 21:18:50
595,Elk River,US,45.3038,-93.5672,29.28,79,100,1.01,overcast clouds,2021-12-19 21:17:55
596,Port Hardy,CA,50.6996,-127.4199,37.76,87,75,11.5,broken clouds,2021-12-19 21:15:20
597,Udachnyy,RU,66.4167,112.4,-29.56,81,100,5.3,overcast clouds,2021-12-19 21:18:51
598,Pacific Grove,US,36.6177,-121.9166,57.07,73,40,5.99,scattered clouds,2021-12-19 21:16:04
599,Jalalpur Pirwala,PK,29.5069,71.2192,55.78,15,7,3.09,clear sky,2021-12-19 21:18:51
600,Rocha,UY,-34.4833,-54.3333,78.55,52,25,15.88,scattered clouds,2021-12-19 21:18:52
601,Purnia,IN,25.7833,87.4667,52.02,42,0,7.87,clear sky,2021-12-19 21:18:52
602,Evensk,RU,61.95,159.2333,-22.29,74,7,9.73,clear sky,2021-12-19 21:18:52
603,Kiunga,PG,-6.1219,141.2906,72.5,100,100,1.54,overcast clouds,2021-12-19 21:18:53
604,Riverton,US,40.5219,-111.9391,43.77,58,1,3.0,light rain,2021-12-19 21:15:41
605,Banjar,ID,-8.19,114.9675,80.46,85,98,2.28,overcast clouds,2021-12-19 21:18:53
606,Gat,IL,31.61,34.7642,58.41,42,41,9.51,scattered clouds,2021-12-19 21:18:53
607,Quesnel,CA,52.9999,-122.5029,7.3,85,1,0.0,clear sky,2021-12-19 21:18:54
608,Alihe,CN,50.5667,123.7167,0.43,97,100,1.1,overcast clouds,2021-12-19 21:18:54
609,Rexburg,US,43.826,-111.7897,27.28,63,90,3.44,overcast clouds,2021-12-19 21:18:54
610,Sovetskaya,RU,44.7769,41.1722,27.72,80,8,5.39,clear sky,2021-12-19 21:18:55
611,Huilong,CN,31.8111,121.655,49.03,52,100,7.61,overcast clouds,2021-12-19 21:18:55
612,Tuban,ID,-6.8976,112.0649,79.92,81,100,3.0,moderate rain,2021-12-19 21:18:55
613,Ouargaye,BF,11.5033,0.0572,75.88,17,2,10.38,clear sky,2021-12-19 21:18:56
614,Skjervoy,NO,70.0311,20.9714,28.99,66,35,6.62,scattered clouds,2021-12-19 21:18:56
615,Leh,IN,34.1667,77.5833,-0.4,37,0,3.65,clear sky,2021-12-19 21:18:56
616,Kailua,US,21.4022,-157.7394,80.58,73,75,14.97,light rain,2021-12-19 21:18:56
617,Svetlogorsk,BY,52.6333,29.7333,31.78,87,94,11.21,overcast clouds,2021-12-19 21:18:57
618,Portree,GB,57.4129,-6.1942,39.85,96,79,1.61,broken clouds,2021-12-19 21:18:57
619,Rawson,AR,-43.3002,-65.1023,61.92,73,10,35.81,clear sky,2021-12-19 21:18:57
620,Kargil,IN,34.5667,76.1,-2.81,46,0,3.44,clear sky,2021-12-19 21:18:58
621,Qixia,CN,37.2975,120.8256,32.41,56,79,5.3,broken clouds,2021-12-19 21:18:58
622,Katobu,ID,-4.9408,122.5276,75.88,93,100,3.09,overcast clouds,2021-12-19 21:18:58
623,Sidhi,IN,24.4167,81.8833,46.18,40,0,4.12,clear sky,2021-12-19 21:18:59
624,Mandalgovi,MN,45.7625,106.2708,10.98,74,2,5.48,clear sky,2021-12-19 21:18:59
625,Bacong,PH,9.2464,123.2956,77.29,91,46,8.93,scattered clouds,2021-12-19 21:18:59
626,Asau,RO,46.4333,26.4,38.32,89,27,6.71,scattered clouds,2021-12-19 21:19:00
627,Ossora,RU,59.2353,163.0719,-9.24,84,6,4.99,clear sky,2021-12-19 21:19:00
628,Longonjo,AO,-12.9067,15.2533,64.04,90,93,1.54,overcast clouds,2021-12-19 21:19:00
629,Rio De Jesus,PA,7.9844,-81.1631,82.22,80,31,6.15,scattered clouds,2021-12-19 21:19:01
630,Martapura,ID,-3.4167,114.85,75.29,100,75,3.44,broken clouds,2021-12-19 21:19:01
631,Tynda,RU,55.1667,124.7167,-11.51,96,100,3.74,overcast clouds,2021-12-19 21:19:01
632,Lorengau,PG,-2.0226,147.2712,81.77,83,50,10.33,scattered clouds,2021-12-19 21:19:02
633,Matagami,CA,49.7502,-77.6328,-2.09,71,1,0.0,clear sky,2021-12-19 21:17:35
634,Calama,CL,-22.4667,-68.9333,75.69,17,90,25.32,overcast clouds,2021-12-19 21:19:02
635,Cayenne,GF,4.9333,-52.3333,84.24,83,20,3.0,few clouds,2021-12-19 21:19:02
636,Khorramshahr,IR,30.4397,48.1664,62.56,94,75,4.61,mist,2021-12-19 21:19:03
637,Wabana,CA,47.6332,-52.9481,22.55,75,20,10.36,few clouds,2021-12-19 21:19:03
638,Troy,US,42.6056,-83.1499,30.63,74,51,1.32,broken clouds,2021-12-19 21:19:03
639,Guymon,US,36.6828,-101.4816,59.47,14,1,18.41,clear sky,2021-12-19 21:19:04
640,Daru,PG,-9.0763,143.2092,79.99,82,100,5.59,overcast clouds,2021-12-19 21:19:04
641,Laguna,US,38.421,-121.4238,55.65,83,90,1.99,overcast clouds,2021-12-19 21:19:05
642,Sistranda,NO,63.7256,8.834,42.91,60,88,22.79,overcast clouds,2021-12-19 21:19:05
643,Jining,CN,35.405,116.5814,35.58,59,4,6.2,clear sky,2021-12-19 21:19:05
644,Mananjary,MG,-21.2167,48.3333,71.24,92,100,10.85,overcast clouds,2021-12-19 21:19:05
645,Payo,ID,-3.7508,103.6372,72.27,99,100,1.12,overcast clouds,2021-12-19 21:19:06
646,Trinidad,BO,-14.8333,-64.9,75.18,100,90,0.0,light rain,2021-12-19 21:19:06
647,General Roca,AR,-39.0333,-67.5833,93.6,12,0,3.38,clear sky,2021-12-19 21:19:07
648,Dustlik,UZ,40.5247,68.0358,50.2,70,100,7.43,overcast clouds,2021-12-19 21:19:07
649,Mollendo,PE,-17.0231,-72.0147,70.02,77,100,6.96,overcast clouds,2021-12-19 21:19:07
650,Fort Nelson,CA,58.8053,-122.7002,-15.21,76,75,2.3,broken clouds,2021-12-19 21:19:07
651,Tura,IN,25.5198,90.2201,52.0,58,0,3.09,clear sky,2021-12-19 21:19:08
652,Dandong,CN,40.1292,124.3947,27.66,80,2,4.38,clear sky,2021-12-19 21:19:08
653,Mundwa,IN,27.0667,73.8167,52.57,13,0,5.21,clear sky,2021-12-19 21:18:13
654,Mikhaylovka,RU,50.06,43.2379,33.78,96,100,22.88,light rain,2021-12-19 21:19:08
655,Neubrandenburg,DE,53.5667,13.2667,36.9,73,0,9.86,clear sky,2021-12-19 21:19:09
656,Coquimbo,CL,-29.9533,-71.3436,64.13,77,40,12.66,scattered clouds,2021-12-19 21:19:09
657,Gayny,RU,60.3071,54.3241,7.32,96,100,5.35,overcast clouds,2021-12-19 21:19:09
658,Bone,DE,51.9669,12.1396,43.25,84,37,11.1,scattered clouds,2021-12-19 21:19:10
659,Listvyanskiy,RU,54.4399,83.4984,22.84,95,100,9.37,light snow,2021-12-19 21:19:10
660,Susanville,US,40.4163,-120.653,42.8,74,90,0.0,mist,2021-12-19 21:16:16
661,Prainha,BR,-1.8,-53.48,83.26,68,100,4.65,moderate rain,2021-12-19 21:19:11
662,Siocon,PH,7.7061,122.1353,78.15,89,95,7.56,overcast clouds,2021-12-19 21:19:11
663,Kuytun,RU,54.3419,101.5036,-16.08,100,56,4.47,broken clouds,2021-12-19 21:19:11
664,Angoche,MZ,-16.2325,39.9086,77.13,89,82,5.41,moderate rain,2021-12-19 21:19:12
665,Arua,UG,3.0201,30.9111,74.25,47,100,2.39,overcast clouds,2021-12-19 21:19:12
666,Gwanda,ZW,-20.9333,29.0,62.01,89,100,6.51,overcast clouds,2021-12-19 21:19:13
667,Luzhou,CN,28.8724,105.4405,49.46,76,100,2.93,overcast clouds,2021-12-19 21:19:13
668,Onda,ES,39.9667,-0.25,50.05,89,66,4.41,broken clouds,2021-12-19 21:19:13
669,Linfen,CN,36.0889,111.5189,35.51,42,42,3.67,scattered clouds,2021-12-19 21:19:13
670,Lajas,PR,18.05,-67.0593,83.19,78,98,3.0,overcast clouds,2021-12-19 21:19:14
671,Buraydah,SA,26.326,43.975,63.05,57,90,9.73,overcast clouds,2021-12-19 21:19:14
672,Ulu-Telyak,RU,54.9086,56.9669,21.16,96,100,6.22,light snow,2021-12-19 21:19:14
673,Bluefield,US,37.2698,-81.2223,36.95,81,90,1.99,overcast clouds,2021-12-19 21:19:15
674,Nalut,LY,30.3333,10.85,47.55,60,0,6.46,clear sky,2021-12-19 21:19:15
675,Jiuquan,CN,39.7432,98.5174,23.63,22,0,2.51,clear sky,2021-12-19 21:19:15
676,Beziers,FR,43.3476,3.219,42.33,93,20,0.0,fog,2021-12-19 21:19:16
677,Nizhniy Tsasuchey,RU,50.5167,115.1333,13.17,59,95,18.88,overcast clouds,2021-12-19 21:19:16
678,Marsa Matruh,EG,31.3525,27.2453,51.39,62,91,20.8,overcast clouds,2021-12-19 21:19:16
679,Merrill,US,45.1805,-89.6835,24.75,83,90,9.22,overcast clouds,2021-12-19 21:19:17
680,Fuerte Olimpo,PY,-21.0415,-57.8738,88.39,59,93,4.41,moderate rain,2021-12-19 21:19:17
681,Pinawa,CA,50.1489,-95.8811,21.52,88,100,12.1,light snow,2021-12-19 21:19:17
682,Mahbubabad,IN,17.6167,80.0167,61.09,66,0,5.88,clear sky,2021-12-19 21:19:18
683,Barranca,PE,-10.75,-77.7667,71.28,72,47,10.78,scattered clouds,2021-12-19 21:19:18
684,Pokhara,NP,28.2333,83.9833,49.5,21,0,5.84,clear sky,2021-12-19 21:19:18
685,Healdsburg,US,38.6105,-122.8692,48.92,75,90,0.0,overcast clouds,2021-12-19 21:19:19
686,Minas,UY,-34.3759,-55.2377,83.52,23,1,10.94,clear sky,2021-12-19 21:19:19
687,Bloemhof,ZA,-27.6469,25.607,64.02,74,45,7.16,scattered clouds,2021-12-19 21:19:19
688,Palafrugell,ES,41.9174,3.1631,42.78,91,0,1.01,clear sky,2021-12-19 21:19:20
689,Yarmouth,US,41.7057,-70.2286,39.15,88,90,31.0,overcast clouds,2021-12-19 21:19:20
690,Kudahuvadhoo,MV,2.6708,72.8944,82.0,78,100,14.76,overcast clouds,2021-12-19 21:19:20
691,Uarini,BR,-2.99,-65.1083,82.35,92,100,2.13,overcast clouds,2021-12-19 21:19:21
692,Road Town,VG,18.4167,-64.6167,80.69,74,40,13.8,scattered clouds,2021-12-19 21:19:21
693,Conde,BR,-7.2597,-34.9075,80.06,78,20,10.36,few clouds,2021-12-19 21:19:21
694,Mokhsogollokh,RU,61.4681,128.9203,-27.67,95,100,4.45,overcast clouds,2021-12-19 21:19:22
695,Ust-Tsilma,RU,65.441,52.1498,0.46,95,100,6.13,overcast clouds,2021-12-19 21:19:22
696,Shahpur,IN,16.7,76.8333,63.32,55,0,6.2,clear sky,2021-12-19 21:19:22
697,Zielona Gora,PL,51.9355,15.5064,40.96,42,9,10.07,clear sky,2021-12-19 21:19:23
698,Ucluelet,CA,48.9329,-125.5528,44.91,83,86,8.14,overcast clouds,2021-12-19 21:19:23
